timestamp,code,name,low,open,close,high,volume,turnover,securityId,preClose,change,changePct,turnoverRate,tCap,mCap,factor
2016-08-09,600977,中国电影,10.7,10.7,12.84,12.84,180324,2308726.0,stock_sh_600977,8.92,3.92,43.9462,0.0386,23972280000.0,5996280000.0,1
2016-08-10,600977,中国电影,14.12,14.12,14.12,14.12,70464,994952.0,stock_sh_600977,12.84,1.28,9.9688,0.0151,26362040000.0,6594040000.0,1
2016-08-11,600977,中国电影,15.53,15.53,15.53,15.53,67505,1048353.0,stock_sh_600977,14.12,1.41,9.9858,0.0145,28994510000.0,7252510000.0,1
2016-08-12,600977,中国电影,17.08,17.08,17.08,17.08,187196,3197308.0,stock_sh_600977,15.53,1.55,9.9807,0.0401,31888360000.0,7976360000.0,1
2016-08-15,600977,中国电影,18.79,18.79,18.79,18.79,183895,3455387.0,stock_sh_600977,17.08,1.71,10.0117,0.0394,35080930000.0,8774930000.0,1
2016-08-16,600977,中国电影,20.67,20.67,20.67,20.67,174751,3612103.0,stock_sh_600977,18.79,1.88,10.0053,0.0374,38590890000.0,9652890000.0,1
2016-08-17,600977,中国电影,22.74,22.74,22.74,22.74,279011,6344710.0,stock_sh_600977,20.67,2.07,10.0145,0.0597,42455580000.0,10619580000.0,1
2016-08-18,600977,中国电影,25.01,25.01,25.01,25.01,362604,9068726.0,stock_sh_600977,22.74,2.27,9.9824,0.0776,46693670000.0,11679670000.0,1
2016-08-19,600977,中国电影,27.51,27.51,27.51,27.51,1132164,31145832.0,stock_sh_600977,25.01,2.5,9.996,0.2424,51361170000.0,12847170000.0,1
2016-08-22,600977,中国电影,30.26,30.26,30.26,30.26,2413820,73042193.0,stock_sh_600977,27.51,2.75,9.9964,0.5169,56495420000.0,14131420000.0,1
2016-08-23,600977,中国电影,33.29,33.29,33.29,33.29,1446309,48147627.0,stock_sh_600977,30.26,3.03,10.0132,0.3097,62152430000.0,15546430000.0,1
2016-08-24,600977,中国电影,36.62,36.62,36.62,36.62,570334,20885631.0,stock_sh_600977,33.29,3.33,10.003,0.1221,68369540000.0,17101540000.0,1
2016-08-25,600977,中国电影,38.18,40.28,38.83,40.28,238530958,9379326146.0,stock_sh_600977,36.62,2.21,6.035,51.0773,72495610000.0,18133610000.0,1
2016-08-26,600977,中国电影,38.34,38.5,38.52,40.19,134146735,5247420225.0,stock_sh_600977,38.83,-0.31,-0.7984,28.7252,71916840000.0,17988840000.0,1
2016-08-29,600977,中国电影,34.71,37.56,34.74,37.56,125877228,4499417648.0,stock_sh_600977,38.52,-3.78,-9.8131,26.9544,64859580000.0,16223580000.0,1
2016-08-30,600977,中国电影,34.08,35.33,34.27,35.68,68513946,2390989382.0,stock_sh_600977,34.74,-0.47,-1.3529,14.6711,63982090000.0,16004090000.0,1
2016-08-31,600977,中国电影,33.31,34.15,34.66,35.08,78486761,2682664898.0,stock_sh_600977,34.27,0.39,1.138,16.8066,64710220000.0,16186220000.0,1
2016-09-01,600977,中国电影,33.69,34.25,34.51,35.15,63691082,2196540111.0,stock_sh_600977,34.66,-0.15,-0.4328,13.6383,64430170000.0,16116170000.0,1
2016-09-02,600977,中国电影,33.85,34.18,34.34,35.0,51483813,1773817605.0,stock_sh_600977,34.51,-0.17,-0.4926,11.0244,64112780000.0,16036780000.0,1
2016-09-05,600977,中国电影,32.78,34.3,32.8,34.5,68478892,2289143570.0,stock_sh_600977,34.34,-1.54,-4.4846,14.6636,61237600000.0,15317600000.0,1
2016-09-06,600977,中国电影,32.26,32.44,33.14,33.26,47116360,1541184472.0,stock_sh_600977,32.8,0.34,1.0366,10.0892,61872380000.0,15476380000.0,1
2016-09-07,600977,中国电影,32.62,33.0,32.66,33.35,33111719,1091400425.0,stock_sh_600977,33.14,-0.48,-1.4484,7.0903,60976220000.0,15252220000.0,1
2016-09-08,600977,中国电影,32.47,32.8,32.76,33.35,38503921,1269381973.0,stock_sh_600977,32.66,0.1,0.3062,8.245,61162920000.0,15298920000.0,1
2016-09-09,600977,中国电影,31.54,32.44,31.56,32.77,46171762,1482067528.0,stock_sh_600977,32.76,-1.2,-3.6630000000000003,9.8869,58922520000.0,14738520000.0,1
2016-09-12,600977,中国电影,29.77,30.6,29.87,30.98,38260188,1162532103.0,stock_sh_600977,31.56,-1.69,-5.3549,8.1928,55767290000.0,13949290000.0,1
2016-09-13,600977,中国电影,29.8,30.16,29.89,30.25,21192801,635038936.0,stock_sh_600977,29.87,0.02,0.067,4.5381,55804630000.0,13958630000.0,1
2016-09-14,600977,中国电影,29.0,29.68,29.17,30.12,25311121,751452466.0,stock_sh_600977,29.89,-0.72,-2.4088,5.4199,54460390000.0,13622390000.0,1
2016-09-19,600977,中国电影,29.21,29.21,29.48,29.68,19147692,563892631.0,stock_sh_600977,29.17,0.31,1.0627,4.1001,55039160000.0,13767160000.0,1
2016-09-20,600977,中国电影,29.42,29.49,29.96,30.47,32374100,972022750.0,stock_sh_600977,29.48,0.48,1.6282,6.9324,55935320000.0,13991320000.0,1
2016-09-21,600977,中国电影,29.28,29.74,29.33,29.95,21105590,624480283.0,stock_sh_600977,29.96,-0.63,-2.1028,4.5194,54759110000.0,13697110000.0,1
2016-09-22,600977,中国电影,29.15,29.6,29.22,29.6,19332371,567323287.0,stock_sh_600977,29.33,-0.11,-0.375,4.1397,54553740000.0,13645740000.0,1
2016-09-23,600977,中国电影,28.49,29.34,28.52,29.49,25807973,748204523.0,stock_sh_600977,29.22,-0.7,-2.3956,5.5263,53246840000.0,13318840000.0,1
2016-09-26,600977,中国电影,26.67,28.3,26.7,28.3,34072654,933675991.0,stock_sh_600977,28.52,-1.82,-6.3815,7.2961,49848900000.0,12468900000.0,1
2016-09-27,600977,中国电影,26.38,26.6,26.99,27.01,18464239,493348958.0,stock_sh_600977,26.7,0.29,1.0861,3.9538,50390330000.0,12604330000.0,1
2016-09-28,600977,中国电影,26.63,27.0,26.77,27.05,12895468,345854285.0,stock_sh_600977,26.99,-0.22,-0.8151,2.7613,49979590000.0,12501590000.0,1
2016-09-29,600977,中国电影,26.75,26.93,26.9,27.24,14675634,396617240.0,stock_sh_600977,26.77,0.13,0.4856,3.1425,50222300000.0,12562300000.0,1
2016-09-30,600977,中国电影,26.76,26.87,27.03,27.08,12593110,339432122.0,stock_sh_600977,26.9,0.13,0.4833,2.6966,50465010000.0,12623010000.0,1
2016-10-10,600977,中国电影,26.9,27.24,27.57,27.77,20577479,562854720.0,stock_sh_600977,27.03,0.54,1.9978,4.4063,51473190000.0,12875190000.0,1
2016-10-11,600977,中国电影,27.39,27.57,27.84,28.07,21895015,607798982.0,stock_sh_600977,27.57,0.27,0.9793,4.6884,51977280000.0,13001280000.0,1
2016-10-12,600977,中国电影,27.61,27.66,27.81,28.17,17600118,490466915.0,stock_sh_600977,27.84,-0.03,-0.1078,3.7688,51921270000.0,12987270000.0,1
2016-10-13,600977,中国电影,27.81,27.82,27.91,28.2,14972934,419258161.0,stock_sh_600977,27.81,0.1,0.3596,3.2062,52107970000.0,13033970000.0,1
2016-10-14,600977,中国电影,27.13,27.8,27.33,27.9,15566694,427198978.0,stock_sh_600977,27.91,-0.58,-2.0781,3.3333,51025110000.0,12763110000.0,1
2016-10-17,600977,中国电影,26.93,27.75,26.96,27.75,14513501,396985959.0,stock_sh_600977,27.33,-0.37,-1.3538,3.1078,50334320000.0,12590320000.0,1
2016-10-18,600977,中国电影,26.77,26.9,27.24,27.26,15098702,408295975.0,stock_sh_600977,26.96,0.28,1.0386,3.2331,50857080000.0,12721080000.0,1
2016-10-19,600977,中国电影,27.13,27.25,27.28,27.57,13082763,357215860.0,stock_sh_600977,27.24,0.04,0.1468,2.8014,50931760000.0,12739760000.0,1
2016-10-20,600977,中国电影,26.92,27.29,27.05,27.35,11353000,307173397.0,stock_sh_600977,27.28,-0.23,-0.8431,2.431,50502350000.0,12632350000.0,1
2016-10-21,600977,中国电影,26.92,27.05,27.89,28.1,28751410,789938963.0,stock_sh_600977,27.05,0.84,3.1054,6.1566,52070630000.0,13024630000.0,1
2016-10-24,600977,中国电影,27.64,27.67,29.22,29.58,65137282,1880548774.0,stock_sh_600977,27.89,1.33,4.7687,13.948,54553740000.0,13645740000.0,1
2016-10-25,600977,中国电影,28.91,29.1,29.29,29.98,41647165,1229352001.0,stock_sh_600977,29.22,0.07,0.2396,8.918,54684430000.0,13678430000.0,1
2016-10-26,600977,中国电影,28.88,29.3,28.9,29.79,24814855,725583126.0,stock_sh_600977,29.29,-0.39,-1.3315,5.3137,53956300000.0,13496300000.0,1
2016-10-27,600977,中国电影,28.83,28.85,29.21,29.48,18359360,535152373.0,stock_sh_600977,28.9,0.31,1.0727,3.9313,54535070000.0,13641070000.0,1
2016-10-28,600977,中国电影,28.5,29.22,28.62,29.29,20722053,596857144.0,stock_sh_600977,29.21,-0.59,-2.0199,4.4373,53433540000.0,13365540000.0,1
2016-10-31,600977,中国电影,27.48,28.42,27.71,28.42,17416544,483891253.0,stock_sh_600977,28.62,-0.91,-3.1796,3.7295,51734570000.0,12940570000.0,1
2016-11-01,600977,中国电影,27.72,27.72,28.06,28.14,13982888,391373605.0,stock_sh_600977,27.71,0.35,1.2631,2.9942,52388020000.0,13104020000.0,1
2016-11-02,600977,中国电影,27.52,27.92,27.67,27.99,17938383,497133488.0,stock_sh_600977,28.06,-0.39,-1.3899,3.8412,51659890000.0,12921890000.0,1
2016-11-03,600977,中国电影,27.39,27.5,27.52,27.95,19594255,541603381.0,stock_sh_600977,27.67,-0.15,-0.5421,4.1958,51379840000.0,12851840000.0,1
2016-11-04,600977,中国电影,27.41,27.45,28.86,29.45,45213334,1288992091.0,stock_sh_600977,27.52,1.34,4.8692,9.6817,53881620000.0,13477620000.0,1
2016-11-07,600977,中国电影,28.5,28.75,28.91,29.36,33844665,980530604.0,stock_sh_600977,28.86,0.05,0.1733,7.2473,53974970000.0,13500970000.0,1
2016-11-08,600977,中国电影,28.87,28.99,30.21,30.88,64415563,1933023266.0,stock_sh_600977,28.91,1.3,4.4967,13.7935,56402070000.0,14108070000.0,1
2016-11-09,600977,中国电影,29.02,29.7,29.6,30.09,43963852,1304902007.0,stock_sh_600977,30.21,-0.61,-2.0192,9.4141,55263200000.0,13823200000.0,1
2016-11-10,600977,中国电影,29.62,29.99,30.51,30.97,47643642,1448772143.0,stock_sh_600977,29.6,0.91,3.0743,10.2021,56962170000.0,14248170000.0,1
2016-11-11,600977,中国电影,29.95,30.28,30.12,30.98,42207929,1281466865.0,stock_sh_600977,30.51,-0.39,-1.2783,9.0381,56234040000.0,14066040000.0,1
2016-11-14,600977,中国电影,29.3,30.03,29.59,30.12,30727284,909885327.0,stock_sh_600977,30.12,-0.53,-1.7596,6.5797,55244530000.0,13818530000.0,1
2016-11-15,600977,中国电影,29.3,29.49,29.65,29.7,16013267,472386435.0,stock_sh_600977,29.59,0.06,0.2028,3.429,55356550000.0,13846550000.0,1
2016-11-16,600977,中国电影,29.09,29.65,29.13,29.69,18168499,532761498.0,stock_sh_600977,29.65,-0.52,-1.7538,3.8905,54385710000.0,13603710000.0,1
2016-11-17,600977,中国电影,29.07,29.11,29.26,29.43,11758824,343635500.0,stock_sh_600977,29.13,0.13,0.4463,2.5179,54628420000.0,13664420000.0,1
2016-11-18,600977,中国电影,29.1,29.16,29.22,29.51,13211154,386985242.0,stock_sh_600977,29.26,-0.04,-0.1367,2.8289,54553740000.0,13645740000.0,1
2016-11-21,600977,中国电影,28.8,29.29,29.03,29.29,14595816,423062045.0,stock_sh_600977,29.22,-0.19,-0.6502,3.1254,54199010000.0,13557010000.0,1
2016-11-22,600977,中国电影,28.87,29.19,28.98,29.2,14571413,422215371.0,stock_sh_600977,29.03,-0.05,-0.1722,3.1202,54105660000.0,13533660000.0,1
2016-11-23,600977,中国电影,28.41,29.05,28.5,29.13,18228872,524233533.0,stock_sh_600977,28.98,-0.48,-1.6563,3.9034,53209500000.0,13309500000.0,1
2016-11-24,600977,中国电影,27.88,28.39,27.92,28.59,17400503,490883958.0,stock_sh_600977,28.5,-0.58,-2.0351,3.7260000000000004,52126640000.0,13038640000.0,1
2016-11-25,600977,中国电影,27.24,27.91,27.98,28.06,14442040,399437420.0,stock_sh_600977,27.92,0.06,0.2149,3.0925,52238660000.0,13066660000.0,1
2016-11-28,600977,中国电影,27.8,28.0,27.86,28.13,8900621,248502478.0,stock_sh_600977,27.98,-0.12,-0.4289,1.9059,52014620000.0,13010620000.0,1
2016-11-29,600977,中国电影,27.63,27.89,27.65,28.03,10250092,285222817.0,stock_sh_600977,27.86,-0.21,-0.7538,2.1949,51622550000.0,12912550000.0,1
2016-11-30,600977,中国电影,27.45,27.61,27.66,27.84,9284470,256632392.0,stock_sh_600977,27.65,0.01,0.0362,1.9881,51641220000.0,12917220000.0,1
2016-12-01,600977,中国电影,27.59,27.69,27.71,27.78,8730731,241577937.0,stock_sh_600977,27.66,0.05,0.1808,1.8695,51734570000.0,12940570000.0,1
2016-12-02,600977,中国电影,27.2,27.71,27.22,27.97,13756903,380406268.0,stock_sh_600977,27.71,-0.49,-1.7683,2.9458,50819740000.0,12711740000.0,1
2016-12-05,600977,中国电影,26.7,26.95,26.76,27.15,10578066,284227280.0,stock_sh_600977,27.22,-0.46,-1.6899,2.2651,49960920000.0,12496920000.0,1
2016-12-06,600977,中国电影,26.8,26.87,27.22,27.5,10589231,286817016.0,stock_sh_600977,26.76,0.46,1.719,2.2675,50819740000.0,12711740000.0,1
2016-12-07,600977,中国电影,27.1,27.25,27.4,27.44,6781527,185341973.0,stock_sh_600977,27.22,0.18,0.6613,1.4521,51155800000.0,12795800000.0,1
2016-12-08,600977,中国电影,26.99,27.4,27.05,27.55,8549621,233033957.0,stock_sh_600977,27.4,-0.35,-1.2774,1.8308,50502350000.0,12632350000.0,1
2016-12-09,600977,中国电影,26.71,27.1,26.85,27.1,9839769,264337115.0,stock_sh_600977,27.05,-0.2,-0.7394,2.1069999999999998,50128950000.0,12538950000.0,1
2016-12-12,600977,中国电影,24.75,26.85,24.77,26.85,23424521,598553913.0,stock_sh_600977,26.85,-2.08,-7.7467,5.016,46245590000.0,11567590000.0,1
2016-12-13,600977,中国电影,24.25,24.75,24.67,24.89,10678176,262980479.0,stock_sh_600977,24.77,-0.1,-0.4037,2.2865,46058890000.0,11520890000.0,1
2016-12-14,600977,中国电影,23.81,24.68,24.0,24.75,12871958,310997211.0,stock_sh_600977,24.67,-0.67,-2.7158,2.7563,44808000000.0,11208000000.0,1
2016-12-15,600977,中国电影,23.81,23.9,24.37,24.73,10473128,255495097.0,stock_sh_600977,24.0,0.37,1.5417,2.2426,45498790000.0,11380790000.0,1
2016-12-16,600977,中国电影,24.39,24.45,24.6,24.85,8240937,202961250.0,stock_sh_600977,24.37,0.23,0.9438,1.7647,45928200000.0,11488200000.0,1
2016-12-19,600977,中国电影,23.97,24.5,24.12,24.5,9606295,231714996.0,stock_sh_600977,24.6,-0.48,-1.9512,2.057,45032040000.0,11264040000.0,1
2016-12-20,600977,中国电影,23.81,24.12,24.08,24.18,7010284,168264213.0,stock_sh_600977,24.12,-0.04,-0.1658,1.5011,44957360000.0,11245360000.0,1
2016-12-21,600977,中国电影,24.02,24.13,24.49,24.55,10983860,267147794.0,stock_sh_600977,24.08,0.41,1.7027,2.352,45722830000.0,11436830000.0,1
2016-12-22,600977,中国电影,23.95,24.4,24.03,24.44,10136176,244339208.0,stock_sh_600977,24.49,-0.46,-1.8783,2.1705,44864010000.0,11222010000.0,1
2016-12-23,600977,中国电影,23.35,23.98,23.44,24.03,12325543,290954696.0,stock_sh_600977,24.03,-0.59,-2.4553,2.6393,43762480000.0,10946480000.0,1
2016-12-26,600977,中国电影,22.87,23.32,23.52,23.56,9495788,220485197.0,stock_sh_600977,23.44,0.08,0.3413,2.0334,43911840000.0,10983840000.0,1
2016-12-27,600977,中国电影,23.18,23.47,23.26,23.62,6245852,146130806.0,stock_sh_600977,23.52,-0.26,-1.1054,1.3374,43426420000.0,10862420000.0,1
2016-12-28,600977,中国电影,22.9,23.26,22.99,23.36,7287172,168222837.0,stock_sh_600977,23.26,-0.27,-1.1608,1.5604,42922330000.0,10736330000.0,1
2016-12-29,600977,中国电影,22.9,22.95,23.15,23.36,7522382,174363968.0,stock_sh_600977,22.99,0.16,0.696,1.6108,43221050000.0,10811050000.0,1
2016-12-30,600977,中国电影,22.93,23.14,23.09,23.24,5551900,128068006.0,stock_sh_600977,23.15,-0.06,-0.2592,1.1888,43109030000.0,10783030000.0,1
2017-01-03,600977,中国电影,22.94,23.1,23.18,23.25,7405987,171309103.0,stock_sh_600977,23.09,0.09,0.3898,1.5859,43277060000.0,10825060000.0,1
2017-01-04,600977,中国电影,23.11,23.17,23.65,23.67,14114779,331298923.0,stock_sh_600977,23.18,0.47,2.0276,3.0224,44154550000.0,11044550000.0,1
2017-01-05,600977,中国电影,23.46,23.59,23.52,23.75,8362088,197017777.0,stock_sh_600977,23.65,-0.13,-0.5497,1.7906,43911840000.0,10983840000.0,1
2017-01-06,600977,中国电影,22.98,23.51,23.15,23.51,9938378,230311859.0,stock_sh_600977,23.52,-0.37,-1.5731,2.1281,43221050000.0,10811050000.0,1
2017-01-09,600977,中国电影,22.73,23.0,23.05,23.08,8746027,200352117.0,stock_sh_600977,23.15,-0.1,-0.43200000000000005,1.8728,43034350000.0,10764350000.0,1
2017-01-10,600977,中国电影,22.88,22.91,22.98,23.18,6267843,144309545.0,stock_sh_600977,23.05,-0.07,-0.3037,1.3422,42903660000.0,10731660000.0,1
2017-01-11,600977,中国电影,22.06,22.91,22.1,23.0,11570634,260721994.0,stock_sh_600977,22.98,-0.88,-3.8294,2.4777,41260700000.0,10320700000.0,1
2017-01-12,600977,中国电影,21.51,22.05,21.59,22.22,11383000,248397343.0,stock_sh_600977,22.1,-0.51,-2.3077,2.4375,40308530000.0,10082530000.0,1
2017-01-13,600977,中国电影,20.8,21.57,20.87,21.68,13534738,286286215.0,stock_sh_600977,21.59,-0.72,-3.3349,2.8982,38964290000.0,9746290000.0,1
2017-01-16,600977,中国电影,19.32,20.78,19.9,20.78,16404734,330020062.0,stock_sh_600977,20.87,-0.97,-4.6478,3.5128,37153300000.0,9293300000.0,1
2017-01-17,600977,中国电影,19.7,19.82,20.36,20.59,11851658,238570382.0,stock_sh_600977,19.9,0.46,2.3116,2.5378,38012120000.0,9508120000.0,1
2017-01-18,600977,中国电影,19.95,20.32,19.99,20.33,5702425,114850476.0,stock_sh_600977,20.36,-0.37,-1.8173,1.2211,37321330000.0,9335330000.0,1
2017-01-19,600977,中国电影,19.67,19.89,20.47,20.8,15916859,324353266.0,stock_sh_600977,19.99,0.48,2.4012,3.4083,38217490000.0,9559490000.0,1
2017-01-20,600977,中国电影,20.33,20.39,21.19,21.34,18921571,397865570.0,stock_sh_600977,20.47,0.72,3.5173,4.0517,39561730000.0,9895730000.0,1
2017-01-23,600977,中国电影,21.2,21.2,21.51,21.96,14813996,320266772.0,stock_sh_600977,21.19,0.32,1.5101,3.1722,40159170000.0,10045170000.0,1
2017-01-24,600977,中国电影,21.05,21.39,21.11,21.5,8899557,188475836.0,stock_sh_600977,21.51,-0.4,-1.8596,1.9057,39412370000.0,9858370000.0,1
2017-01-25,600977,中国电影,20.97,21.04,21.53,21.59,8109487,173451490.0,stock_sh_600977,21.11,0.42,1.9896,1.7365,40196510000.0,10054510000.0,1
2017-01-26,600977,中国电影,21.52,21.58,21.75,21.88,8151576,177123577.0,stock_sh_600977,21.53,0.22,1.0218,1.7455,40607250000.0,10157250000.0,1
2017-02-03,600977,中国电影,21.17,21.97,21.26,22.08,9623671,206953173.0,stock_sh_600977,21.75,-0.49,-2.2529,2.0607,39692420000.0,9928420000.0,1
2017-02-06,600977,中国电影,21.15,21.26,21.42,21.49,7483833,159562709.0,stock_sh_600977,21.26,0.16,0.7526,1.6025,39991140000.0,10003140000.0,1
2017-02-07,600977,中国电影,20.96,21.37,21.09,21.5,7455374,157685754.0,stock_sh_600977,21.42,-0.33,-1.5406,1.5964,39375030000.0,9849030000.0,1
2017-02-08,600977,中国电影,20.49,21.02,21.15,21.2,14618877,304135169.0,stock_sh_600977,21.09,0.06,0.2845,3.1304,39487050000.0,9877050000.0,1
2017-02-09,600977,中国电影,21.0,21.1,21.17,21.27,7756205,164096722.0,stock_sh_600977,21.15,0.02,0.0946,1.6609,39524390000.0,9886390000.0,1
2017-02-10,600977,中国电影,20.99,21.2,21.09,21.39,10017041,212314840.0,stock_sh_600977,21.17,-0.08,-0.3779,2.145,39375030000.0,9849030000.0,1
2017-02-13,600977,中国电影,20.91,21.02,21.61,21.64,16851240,360838432.0,stock_sh_600977,21.09,0.52,2.4656,3.6084,40345870000.0,10091870000.0,1
2017-02-14,600977,中国电影,21.33,21.53,21.48,21.58,8204896,175791469.0,stock_sh_600977,21.61,-0.13,-0.6016,1.7569,40103160000.0,10031160000.0,1
2017-02-15,600977,中国电影,21.33,21.47,21.5,21.85,15334870,330682162.0,stock_sh_600977,21.48,0.02,0.0931,3.2837,40140500000.0,10040500000.0,1
2017-02-16,600977,中国电影,21.21,21.49,21.8,21.84,13741759,295816532.0,stock_sh_600977,21.5,0.3,1.3953,2.9426,40700600000.0,10180600000.0,1
2017-02-17,600977,中国电影,21.68,21.75,21.98,22.65,27653684,613360337.0,stock_sh_600977,21.8,0.18,0.8257,5.9216,41036660000.0,10264660000.0,1
2017-02-20,600977,中国电影,21.45,21.85,21.84,21.95,10859979,235514099.0,stock_sh_600977,21.98,-0.14,-0.6369,2.3255,40775280000.0,10199280000.0,1
2017-02-21,600977,中国电影,21.8,21.8,21.94,22.08,8561927,187960452.0,stock_sh_600977,21.84,0.1,0.4579,1.8334,40961980000.0,10245980000.0,1
2017-02-22,600977,中国电影,21.65,21.95,22.14,22.17,11702100,256952147.0,stock_sh_600977,21.94,0.2,0.9116,2.5058,41335380000.0,10339380000.0,1
2017-02-23,600977,中国电影,21.8,22.1,21.96,22.19,8386811,184268709.0,stock_sh_600977,22.14,-0.18,-0.813,1.7959,40999320000.0,10255320000.0,1
2017-02-24,600977,中国电影,21.82,21.91,22.33,22.43,13426471,297902950.0,stock_sh_600977,21.96,0.37,1.6849,2.875,41690110000.0,10428110000.0,1
2017-02-27,600977,中国电影,22.27,22.31,22.71,23.07,30561118,698819017.0,stock_sh_600977,22.33,0.38,1.7017,6.5441,42399570000.0,10605570000.0,1
2017-02-28,600977,中国电影,22.45,22.8,22.93,22.95,14148287,321875997.0,stock_sh_600977,22.71,0.22,0.9687,3.0296,42810310000.0,10708310000.0,1
2017-03-01,600977,中国电影,23.0,23.0,23.76,24.74,43601240,1044674764.0,stock_sh_600977,22.93,0.83,3.6197,9.3365,44359920000.0,11095920000.0,1
2017-03-02,600977,中国电影,23.43,23.63,23.79,24.13,19990726,475437448.0,stock_sh_600977,23.76,0.03,0.1263,4.2807,44415930000.0,11109930000.0,1
2017-03-03,600977,中国电影,23.32,23.6,23.5,23.7,11853288,278128915.0,stock_sh_600977,23.79,-0.29,-1.219,2.5382,43874500000.0,10974500000.0,1
2017-03-06,600977,中国电影,23.35,23.4,23.74,23.88,15509386,367222720.0,stock_sh_600977,23.5,0.24,1.0213,3.3211,44322580000.0,11086580000.0,1
2017-03-07,600977,中国电影,23.51,23.68,24.08,24.38,16930627,407524075.0,stock_sh_600977,23.74,0.34,1.4322,3.6254,44957360000.0,11245360000.0,1
2017-03-08,600977,中国电影,23.65,24.1,23.86,24.15,11428561,273146679.0,stock_sh_600977,24.08,-0.22,-0.9136,2.4472,44546620000.0,11142620000.0,1
2017-03-09,600977,中国电影,23.05,23.85,23.12,23.85,12664779,295507680.0,stock_sh_600977,23.86,-0.74,-3.1014,2.7119,43165040000.0,10797040000.0,1
2017-03-10,600977,中国电影,22.98,23.17,23.19,23.25,7076408,163644351.0,stock_sh_600977,23.12,0.07,0.3028,1.5153,43295730000.0,10829730000.0,1
2017-03-13,600977,中国电影,22.88,23.1,23.55,23.74,12330464,288981371.0,stock_sh_600977,23.19,0.36,1.5524,2.6404,43967850000.0,10997850000.0,1
2017-03-14,600977,中国电影,23.18,23.54,23.2,23.84,9932907,233325816.0,stock_sh_600977,23.55,-0.35,-1.4862,2.127,43314400000.0,10834400000.0,1
2017-03-15,600977,中国电影,23.02,23.18,23.07,23.27,6544189,151321822.0,stock_sh_600977,23.2,-0.13,-0.5603,1.4013,43071690000.0,10773690000.0,1
2017-03-16,600977,中国电影,23.13,23.2,23.53,23.7,11781177,276467469.0,stock_sh_600977,23.07,0.46,1.9939,2.5227,43930510000.0,10988510000.0,1
2017-03-17,600977,中国电影,23.16,23.53,23.18,23.71,8918300,209214849.0,stock_sh_600977,23.53,-0.35,-1.4875,1.9097,43277060000.0,10825060000.0,1
2017-03-20,600977,中国电影,22.87,23.09,23.08,23.28,7828307,180283605.0,stock_sh_600977,23.18,-0.1,-0.4314,1.6763,43090360000.0,10778360000.0,1
2017-03-21,600977,中国电影,23.02,23.09,23.45,23.54,11641855,271543915.0,stock_sh_600977,23.08,0.37,1.6031,2.4929,43781150000.0,10951150000.0,1
2017-03-22,600977,中国电影,22.91,23.27,23.16,23.29,9348896,216023150.0,stock_sh_600977,23.45,-0.29,-1.2367,2.0019,43239720000.0,10815720000.0,1
2017-03-23,600977,中国电影,23.11,23.14,23.67,23.68,15956194,374225209.0,stock_sh_600977,23.16,0.51,2.2021,3.4167,44191890000.0,11053890000.0,1
2017-03-24,600977,中国电影,23.53,23.7,23.88,23.92,14942833,354936759.0,stock_sh_600977,23.67,0.21,0.8872,3.1998,44583960000.0,11151960000.0,1
2017-03-27,600977,中国电影,23.93,23.93,24.8,25.22,35378931,876864631.0,stock_sh_600977,23.88,0.92,3.8526,7.5758,46301600000.0,11581600000.0,1
2017-03-28,600977,中国电影,24.4,24.68,24.61,24.94,14472847,356973742.0,stock_sh_600977,24.8,-0.19,-0.7661,3.0991,45946870000.0,11492870000.0,1
2017-03-29,600977,中国电影,23.92,24.69,24.04,24.76,13064319,316940748.0,stock_sh_600977,24.61,-0.57,-2.3161,2.7975,44882680000.0,11226680000.0,1
2017-03-30,600977,中国电影,23.08,24.02,23.28,24.02,12729424,300715900.0,stock_sh_600977,24.04,-0.76,-3.1614,2.7258,43463760000.0,10871760000.0,1
2017-03-31,600977,中国电影,23.33,23.35,23.54,23.75,9000184,212146506.0,stock_sh_600977,23.28,0.26,1.1168,1.9272,43949180000.0,10993180000.0,1
2017-04-05,600977,中国电影,23.65,23.65,23.89,24.13,10130770,242530214.0,stock_sh_600977,23.54,0.35,1.4868,2.1693,44602630000.0,11156630000.0,1
2017-04-06,600977,中国电影,23.8,23.89,24.49,24.55,16258633,395669255.0,stock_sh_600977,23.89,0.6,2.5115,3.4815,45722830000.0,11436830000.0,1
2017-04-07,600977,中国电影,24.2,24.58,24.23,24.86,13516217,329891250.0,stock_sh_600977,24.49,-0.26,-1.0617,2.8943,45237410000.0,11315410000.0,1
2017-04-10,600977,中国电影,23.42,24.3,23.54,24.52,14620545,348162121.0,stock_sh_600977,24.23,-0.69,-2.8477,3.1307,43949180000.0,10993180000.0,1
2017-04-11,600977,中国电影,23.22,23.22,23.89,23.93,12571587,295975677.0,stock_sh_600977,23.54,0.35,1.4868,2.6919999999999997,44602630000.0,11156630000.0,1
2017-04-12,600977,中国电影,23.45,23.88,23.56,23.96,6708442,158522199.0,stock_sh_600977,23.89,-0.33,-1.3813,1.4365,43986520000.0,11002520000.0,1
2017-04-13,600977,中国电影,23.57,23.57,23.92,24.19,10714092,256781347.0,stock_sh_600977,23.56,0.36,1.528,2.2942,44658640000.0,11170640000.0,1
2017-04-14,600977,中国电影,23.47,24.2,24.08,24.37,12935170,308525971.0,stock_sh_600977,23.92,0.16,0.6689,2.7698,44957360000.0,11245360000.0,1
2017-04-17,600977,中国电影,22.98,24.12,23.06,24.27,20855610,494093829.0,stock_sh_600977,24.08,-1.02,-4.2359,4.4659,43053020000.0,10769020000.0,1
2017-04-18,600977,中国电影,21.22,23.02,21.23,23.15,26824643,590015044.0,stock_sh_600977,23.06,-1.83,-7.9358,5.744,39636410000.0,9914410000.0,1
2017-04-19,600977,中国电影,20.62,21.27,21.16,21.37,11747902,246629867.0,stock_sh_600977,21.23,-0.07,-0.3297,2.5156,39505720000.0,9881720000.0,1
2017-04-20,600977,中国电影,20.75,21.25,21.02,21.39,7312122,154215671.0,stock_sh_600977,21.16,-0.14,-0.6616,1.5658,39244340000.0,9816340000.0,1
2017-04-21,600977,中国电影,20.9,21.01,20.95,21.24,4480492,94370937.0,stock_sh_600977,21.02,-0.07,-0.33299999999999996,0.9594,39113650000.0,9783650000.0,1
2017-04-24,600977,中国电影,20.18,20.89,20.37,20.89,7422615,152032765.0,stock_sh_600977,20.95,-0.58,-2.7685,1.5894,38030790000.0,9512790000.0,1
2017-04-25,600977,中国电影,20.11,20.39,20.24,20.7,6373017,130126287.0,stock_sh_600977,20.37,-0.13,-0.6382,1.3647,37788080000.0,9452080000.0,1
2017-04-26,600977,中国电影,20.01,20.26,20.15,20.4,6636017,133671041.0,stock_sh_600977,20.24,-0.09,-0.4447,1.421,37620050000.0,9410050000.0,1
2017-04-27,600977,中国电影,19.75,20.02,20.51,20.68,9704306,196531888.0,stock_sh_600977,20.15,0.36,1.7866,2.0780000000000003,38292170000.0,9578170000.0,1
2017-04-28,600977,中国电影,20.29,20.37,20.99,21.09,9382451,195542933.0,stock_sh_600977,20.51,0.48,2.3403,2.0091,39188330000.0,9802330000.0,1
2017-05-02,600977,中国电影,20.65,21.0,20.78,21.06,4616594,96031946.0,stock_sh_600977,20.99,-0.21,-1.0005,0.9886,38796260000.0,9704260000.0,1
2017-05-03,600977,中国电影,20.52,20.71,20.68,20.95,4871499,100877018.0,stock_sh_600977,20.78,-0.1,-0.4812,1.0431,38609560000.0,9657560000.0,1
2017-05-04,600977,中国电影,20.12,20.66,20.15,20.66,5817430,118436814.0,stock_sh_600977,20.68,-0.53,-2.5629,1.2457,37620050000.0,9410050000.0,1
2017-05-05,600977,中国电影,19.95,20.15,20.03,20.44,5041637,101670601.0,stock_sh_600977,20.15,-0.12,-0.5955,1.0796,37396010000.0,9354010000.0,1
2017-05-08,600977,中国电影,20.03,20.03,20.09,20.45,5868962,118859591.0,stock_sh_600977,20.03,0.06,0.2996,1.2567,37508030000.0,9382030000.0,1
2017-05-09,600977,中国电影,19.91,20.1,20.3,20.38,4884505,98524951.0,stock_sh_600977,20.09,0.21,1.0453,1.0459,37900100000.0,9480100000.0,1
2017-05-10,600977,中国电影,20.3,20.3,20.61,21.2,12190390,253732418.0,stock_sh_600977,20.3,0.31,1.5271,2.6104,38478870000.0,9624870000.0,1
2017-05-11,600977,中国电影,20.09,20.52,20.67,20.8,7809872,160021451.0,stock_sh_600977,20.61,0.06,0.2911,1.6723,38590890000.0,9652890000.0,1
2017-05-12,600977,中国电影,20.73,20.73,21.1,21.3,10387069,218862374.0,stock_sh_600977,20.67,0.43,2.0803,2.2242,39393700000.0,9853700000.0,1
2017-05-15,600977,中国电影,21.06,21.1,21.17,21.5,9266611,197365157.0,stock_sh_600977,21.1,0.07,0.3318,1.9843,39524390000.0,9886390000.0,1
2017-05-16,600977,中国电影,20.8,21.08,21.3,21.31,7088235,149228653.0,stock_sh_600977,21.17,0.13,0.6141,1.5178,39767100000.0,9947100000.0,1
2017-05-17,600977,中国电影,21.14,21.2,21.63,21.85,12949792,279374168.0,stock_sh_600977,21.3,0.33,1.5493,2.773,40383210000.0,10101210000.0,1
2017-05-18,600977,中国电影,21.09,21.49,21.1,21.61,5987007,127917116.0,stock_sh_600977,21.63,-0.53,-2.4503,1.2819999999999998,39393700000.0,9853700000.0,1
2017-05-19,600977,中国电影,20.8,21.11,20.9,21.27,6165251,129549730.0,stock_sh_600977,21.1,-0.2,-0.9479,1.3202,39020300000.0,9760300000.0,1
2017-05-22,600977,中国电影,20.08,20.91,20.22,21.11,6795021,140144180.0,stock_sh_600977,20.9,-0.68,-3.2536,1.455,37750740000.0,9442740000.0,1
2017-05-23,600977,中国电影,19.4,20.19,19.46,20.29,9751193,192951226.0,stock_sh_600977,20.22,-0.76,-3.7587,2.088,36331820000.0,9087820000.0,1
2017-05-24,600977,中国电影,17.96,19.43,18.39,19.43,21853267,406381829.0,stock_sh_600977,19.46,-1.07,-5.4985,4.6795,34334130000.0,8588130000.0,1
2017-05-25,600977,中国电影,18.16,18.34,18.6,18.77,11016078,203208992.0,stock_sh_600977,18.39,0.21,1.1419,2.3589,34726200000.0,8686200000.0,1
2017-05-26,600977,中国电影,18.57,18.58,18.8,19.01,9944709,187147677.0,stock_sh_600977,18.6,0.2,1.0753,2.1295,35099600000.0,8779600000.0,1
2017-05-31,600977,中国电影,18.62,19.01,18.7,19.31,8550243,162535546.0,stock_sh_600977,18.8,-0.1,-0.5319,1.8309,34912900000.0,8732900000.0,1
2017-06-01,600977,中国电影,18.06,18.72,18.1,18.73,6812765,125527768.0,stock_sh_600977,18.7,-0.6,-3.2086,1.4588,33792700000.0,8452700000.0,1
2017-06-02,600977,中国电影,18.02,18.1,18.85,18.93,11499012,212051917.0,stock_sh_600977,18.1,0.75,4.1436,2.4623,35192950000.0,8802950000.0,1
2017-06-05,600977,中国电影,18.75,18.88,18.93,19.15,9212283,174990672.0,stock_sh_600977,18.85,0.08,0.4244,1.9727,35342310000.0,8840310000.0,1
2017-06-06,600977,中国电影,18.75,18.84,19.23,19.28,5599507,106787440.0,stock_sh_600977,18.93,0.3,1.5848,1.199,35902410000.0,8980410000.0,1
2017-06-07,600977,中国电影,19.14,19.23,19.64,19.74,9981667,194482688.0,stock_sh_600977,19.23,0.41,2.1321,2.1374,36667880000.0,9171880000.0,1
2017-06-08,600977,中国电影,19.32,19.58,19.35,19.74,8748517,170974756.0,stock_sh_600977,19.64,-0.29,-1.4766,1.8733,36126450000.0,9036450000.0,1
2017-06-09,600977,中国电影,19.38,19.4,19.79,19.87,8788210,172536922.0,stock_sh_600977,19.35,0.44,2.2739,1.8818,36947930000.0,9241930000.0,1
2017-06-12,600977,中国电影,19.06,19.71,19.17,19.72,9914974,191250804.0,stock_sh_600977,19.79,-0.62,-3.1329,2.1231,35790390000.0,8952390000.0,1
2017-06-13,600977,中国电影,19.0,19.03,19.25,19.37,7032224,134865056.0,stock_sh_600977,19.17,0.08,0.4173,1.5058,35939750000.0,8989750000.0,1
2017-06-14,600977,中国电影,18.84,19.28,18.94,19.28,8749478,166181607.0,stock_sh_600977,19.25,-0.31,-1.6104,1.8735,35360980000.0,8844980000.0,1
2017-06-15,600977,中国电影,18.91,18.91,19.41,19.53,10260866,197635932.0,stock_sh_600977,18.94,0.47,2.4815,2.1972,36238470000.0,9064470000.0,1
2017-06-16,600977,中国电影,18.99,19.47,19.18,19.48,6694250,128548588.0,stock_sh_600977,19.41,-0.23,-1.185,1.4335,35809060000.0,8957060000.0,1
2017-06-19,600977,中国电影,18.99,19.11,19.19,19.21,5940912,113492931.0,stock_sh_600977,19.18,0.01,0.0521,1.2721,35827730000.0,8961730000.0,1
2017-06-20,600977,中国电影,19.14,19.25,19.23,19.45,7895421,152301583.0,stock_sh_600977,19.19,0.04,0.2084,1.6907,35902410000.0,8980410000.0,1
2017-06-21,600977,中国电影,19.12,19.41,19.27,19.48,5575270,107384530.0,stock_sh_600977,19.23,0.04,0.20800000000000002,1.1938,35977090000.0,8999090000.0,1
2017-06-22,600977,中国电影,19.21,19.27,19.48,19.91,19718168,386919120.0,stock_sh_600977,19.27,0.21,1.0898,4.2223,36369160000.0,9097160000.0,1
2017-06-23,600977,中国电影,18.96,19.5,19.31,19.53,12083109,232420630.0,stock_sh_600977,19.48,-0.17,-0.8727,2.5874,36051770000.0,9017770000.0,1
2017-06-26,600977,中国电影,18.95,19.25,19.19,19.25,15045623,287086887.0,stock_sh_600977,19.31,-0.12,-0.6214,3.2218,35827730000.0,8961730000.0,1
2017-06-27,600977,中国电影,18.99,19.21,19.07,19.26,9061519,173245034.0,stock_sh_600977,19.19,-0.12,-0.6253,1.9404,35603690000.0,8905690000.0,1
2017-06-28,600977,中国电影,18.6,19.0,18.66,19.11,10712834,201138382.0,stock_sh_600977,19.07,-0.41,-2.15,2.294,34838220000.0,8714220000.0,1
2017-06-29,600977,中国电影,18.62,18.7,18.65,18.81,7766582,145278098.0,stock_sh_600977,18.66,-0.01,-0.0536,1.6631,34819550000.0,8709550000.0,1
2017-06-30,600977,中国电影,18.6,18.62,18.72,18.8,5828160,109026700.0,stock_sh_600977,18.65,0.07,0.3753,1.248,34950240000.0,8742240000.0,1
2017-07-03,600977,中国电影,18.69,18.73,18.92,18.94,5354164,100909808.0,stock_sh_600977,18.72,0.2,1.0684,1.1465,35323640000.0,8835640000.0,1.0
2017-07-04,600977,中国电影,18.69,18.89,18.73,18.92,5636849,105660333.0,stock_sh_600977,18.92,-0.19,-1.0042,1.207,34968910000.0,8746910000.0,1.0
2017-07-05,600977,中国电影,18.74,18.79,19.02,19.05,10387046,196586072.0,stock_sh_600977,18.73,0.29,1.5483,2.2242,35510340000.0,8882340000.0,1.0
2017-07-06,600977,中国电影,18.75,19.01,18.91,19.02,7028566,132708904.0,stock_sh_600977,19.02,-0.11,-0.5783,1.505,35304970000.0,8830970000.0,1.0
2017-07-07,600977,中国电影,18.83,18.89,18.91,18.98,5725257,108262089.0,stock_sh_600977,18.91,0.0,0.0,1.226,35304970000.0,8830970000.0,1.0
2017-07-10,600977,中国电影,18.49,18.85,18.51,18.85,11413092,212156315.0,stock_sh_600977,18.91,-0.4,-2.1153,2.4439,34558170000.0,8644170000.0,1.0
2017-07-11,600977,中国电影,18.28,18.49,18.28,18.54,7230605,132955079.0,stock_sh_600977,18.51,-0.23,-1.2426,1.5483,34128760000.0,8536760000.0,1.0
2017-07-12,600977,中国电影,18.0,18.28,18.12,18.31,9220961,166905127.0,stock_sh_600977,18.28,-0.16,-0.8753,1.9745,33830040000.0,8462040000.0,1.0
2017-07-13,600977,中国电影,18.1,18.15,18.13,18.22,4397878,79819323.0,stock_sh_600977,18.12,0.01,0.0552,0.9417,33848710000.0,8466710000.0,1.0
2017-07-14,600977,中国电影,18.03,18.14,18.15,18.23,4892819,88600678.0,stock_sh_600977,18.13,0.02,0.1103,1.0477,33886050000.0,8476050000.0,1.0
2017-07-17,600977,中国电影,16.96,18.13,16.97,18.13,14585308,253820304.0,stock_sh_600977,18.15,-1.18,-6.5014,3.1232,31682990000.0,7924990000.0,1.0
2017-07-18,600977,中国电影,16.6,16.97,16.88,17.08,7344293,123673010.0,stock_sh_600977,16.97,-0.09,-0.5303,1.5727,31514960000.0,7882960000.0,1.0
2017-07-19,600977,中国电影,16.67,16.88,17.05,17.07,8646695,145768260.0,stock_sh_600977,16.88,0.17,1.0071,1.8515,31832350000.0,7962350000.0,1.0
2017-07-20,600977,中国电影,16.97,17.02,17.09,17.22,5566045,95218503.0,stock_sh_600977,17.05,0.04,0.2346,1.1919,31907030000.0,7981030000.0,1.0
2017-07-21,600977,中国电影,17.05,17.1,17.16,17.22,4395198,75401576.0,stock_sh_600977,17.09,0.07,0.4096,0.9412,32037720000.0,8013720000.0,1.0
2017-07-24,600977,中国电影,17.08,17.15,17.33,17.35,5250208,90533173.0,stock_sh_600977,17.16,0.17,0.9907,1.1242,32355110000.0,8093110000.0,1.0
2017-07-25,600977,中国电影,16.98,17.17,17.38,17.81,9751373,169529538.0,stock_sh_600977,17.12,0.26,1.5187,2.0881,32448460000.0,8116460000.0,1.012
2017-07-26,600977,中国电影,17.17,17.37,17.63,17.75,10353040,180241573.0,stock_sh_600977,17.38,0.25,1.4384,2.2169,32915210000.0,8233210000.0,1.012
2017-07-27,600977,中国电影,17.53,17.53,18.33,18.42,22680390,410716731.0,stock_sh_600977,17.63,0.7,3.9705,4.8566,34222110000.0,8560110000.0,1.012
2017-07-28,600977,中国电影,17.98,18.3,18.06,18.3,9279867,167663478.0,stock_sh_600977,18.33,-0.27,-1.473,1.9871,33718020000.0,8434020000.0,1.012
2017-07-31,600977,中国电影,18.21,18.51,18.31,18.77,16647683,306717267.0,stock_sh_600977,18.06,0.25,1.3843,3.5648,34184770000.0,8550770000.0,1.012
2017-08-01,600977,中国电影,17.83,18.38,17.96,18.43,13154417,237310389.0,stock_sh_600977,18.31,-0.35,-1.9115,2.8168,33531320000.0,8387320000.0,1.012
2017-08-02,600977,中国电影,17.69,18.0,18.0,18.15,10224487,183240287.0,stock_sh_600977,17.96,0.04,0.2227,2.1894,33606000000.0,8406000000.0,1.012
2017-08-03,600977,中国电影,18.03,18.08,18.53,18.76,23494856,433239871.0,stock_sh_600977,18.0,0.53,2.9444,5.031000000000001,34595510000.0,8653510000.0,1.012
2017-08-04,600977,中国电影,18.06,18.37,18.16,18.43,13960780,254124065.0,stock_sh_600977,18.53,-0.37,-1.9968,2.9895,33904720000.0,8480720000.0,1.012
2017-08-07,600977,中国电影,18.12,18.3,18.18,18.58,12340788,226436824.0,stock_sh_600977,18.16,0.02,0.1101,2.6426,33942060000.0,8490060000.0,1.012
2017-08-08,600977,中国电影,17.73,18.07,17.92,18.08,10658816,190490766.0,stock_sh_600977,18.18,-0.26,-1.4301,2.2824,33456640000.0,8368640000.0,1.012
2017-08-09,600977,中国电影,17.88,18.0,17.97,18.26,8060896,145808842.0,stock_sh_600977,17.92,0.05,0.27899999999999997,1.4267,33549990000.0,10153050000.0,1.012
2017-08-10,600977,中国电影,17.66,18.0,17.82,18.02,6870697,122507674.0,stock_sh_600977,17.97,-0.15,-0.8347,1.2161,33269940000.0,10068300000.0,1.012
2017-08-11,600977,中国电影,17.53,17.73,17.54,17.73,6171715,108808369.0,stock_sh_600977,17.82,-0.28,-1.5713,1.0923,32747180000.0,9910100000.0,1.012
2017-08-14,600977,中国电影,17.6,17.6,17.86,17.91,6055927,107956646.0,stock_sh_600977,17.54,0.32,1.8244,1.0718,33344620000.0,10090900000.0,1.012
2017-08-15,600977,中国电影,17.79,17.98,17.85,17.98,4426948,79124749.0,stock_sh_600977,17.86,-0.01,-0.055999999999999994,0.7835,33325950000.0,10085250000.0,1.012
2017-08-16,600977,中国电影,17.8,17.85,18.18,18.27,11323328,205018379.0,stock_sh_600977,17.85,0.33,1.8487,2.0041,33942060000.0,10271700000.0,1.012
2017-08-17,600977,中国电影,18.07,18.1,18.14,18.2,7324615,132848914.0,stock_sh_600977,18.18,-0.04,-0.22,1.2964,33867380000.0,10249100000.0,1.012
2017-08-18,600977,中国电影,17.95,18.2,18.07,18.23,7487579,135377121.0,stock_sh_600977,18.14,-0.07,-0.3859,1.3252,33736690000.0,10209550000.0,1.012
2017-08-21,600977,中国电影,17.94,18.2,18.01,18.2,5715826,103112002.0,stock_sh_600977,18.07,-0.06,-0.332,1.0117,33624670000.0,10175650000.0,1.012
2017-08-22,600977,中国电影,17.88,18.11,18.02,18.13,6167780,110816852.0,stock_sh_600977,18.01,0.01,0.0555,1.0916,33643340000.0,10181300000.0,1.012
2017-08-23,600977,中国电影,17.88,18.02,17.9,18.04,3485749,62573610.0,stock_sh_600977,18.02,-0.12,-0.6659,0.6169,33419300000.0,10113500000.0,1.012
2017-08-24,600977,中国电影,17.35,17.9,17.42,17.93,7822310,137863085.0,stock_sh_600977,17.9,-0.48,-2.6816,1.3845,32523140000.0,9842300000.0,1.012
2017-08-25,600977,中国电影,17.4,17.42,17.62,17.72,5076356,89237322.0,stock_sh_600977,17.42,0.2,1.1481,0.8985,32896540000.0,9955300000.0,1.012
2017-08-28,600977,中国电影,17.63,17.65,17.99,18.04,8417822,150742409.0,stock_sh_600977,17.62,0.37,2.0999,1.4899,33587330000.0,10164350000.0,1.012
2017-08-29,600977,中国电影,17.95,18.01,18.34,18.36,16544624,301654652.0,stock_sh_600977,17.99,0.35,1.9455,2.9283,34240780000.0,10362100000.0,1.012
2017-08-30,600977,中国电影,17.9,18.24,17.98,18.24,11473424,206897925.0,stock_sh_600977,18.34,-0.36,-1.9629,2.0307,33568660000.0,10158700000.0,1.012
2017-08-31,600977,中国电影,17.91,17.96,18.03,18.08,5017443,90385402.0,stock_sh_600977,17.98,0.05,0.2781,0.888,33662010000.0,10186950000.0,1.012
2017-09-01,600977,中国电影,17.84,18.05,17.9,18.07,6451325,115779725.0,stock_sh_600977,18.03,-0.13,-0.721,1.1418,33419300000.0,10113500000.0,1.012
2017-09-04,600977,中国电影,17.76,17.88,17.89,17.98,6902933,123325928.0,stock_sh_600977,17.9,-0.01,-0.0559,1.2218,33400630000.0,10107850000.0,1.012
2017-09-05,600977,中国电影,17.89,17.91,17.91,18.05,5842725,105019120.0,stock_sh_600977,17.89,0.02,0.1118,1.0341,33437970000.0,10119150000.0,1.012
2017-09-06,600977,中国电影,17.72,17.91,17.87,18.04,9147572,163223025.0,stock_sh_600977,17.91,-0.04,-0.2233,1.619,33363290000.0,10096550000.0,1.012
2017-09-07,600977,中国电影,17.77,17.88,17.82,17.98,6925677,123542710.0,stock_sh_600977,17.87,-0.05,-0.2798,1.2258,33269940000.0,10068300000.0,1.012
2017-09-08,600977,中国电影,17.68,17.82,17.7,17.91,6661033,118304152.0,stock_sh_600977,17.82,-0.12,-0.6734,1.1789,33045900000.0,10000500000.0,1.012
2017-09-11,600977,中国电影,17.64,17.77,17.77,17.79,6060451,107345849.0,stock_sh_600977,17.7,0.07,0.3955,1.0726,33176590000.0,10040050000.0,1.012
2017-09-12,600977,中国电影,17.5,17.73,17.58,17.79,7512707,132479032.0,stock_sh_600977,17.77,-0.19,-1.0692,1.3297,32821860000.0,9932700000.0,1.012
2017-09-13,600977,中国电影,17.5,17.58,17.65,17.73,4974701,87817836.0,stock_sh_600977,17.58,0.07,0.3982,0.8805,32952550000.0,9972250000.0,1.012
2017-09-14,600977,中国电影,17.54,17.65,17.57,17.67,4111400,72313858.0,stock_sh_600977,17.65,-0.08,-0.4533,0.7277,32803190000.0,9927050000.0,1.012
2017-09-15,600977,中国电影,17.45,17.57,17.5,17.57,4171510,73055541.0,stock_sh_600977,17.57,-0.07,-0.3984,0.7383,32672500000.0,9887500000.0,1.012
2017-09-18,600977,中国电影,17.43,17.47,17.52,17.57,3872049,67740426.0,stock_sh_600977,17.5,0.02,0.1143,0.6853,32709840000.0,9898800000.0,1.012
2017-09-19,600977,中国电影,17.5,17.5,17.53,17.65,5403989,94922793.0,stock_sh_600977,17.52,0.01,0.0571,0.9565,32728510000.0,9904450000.0,1.012
2017-09-20,600977,中国电影,17.45,17.51,17.53,17.59,4975844,87090947.0,stock_sh_600977,17.53,0.0,0.0,0.8807,32728510000.0,9904450000.0,1.012
2017-09-21,600977,中国电影,17.4,17.51,17.42,17.55,5456830,95368030.0,stock_sh_600977,17.53,-0.11,-0.6275,0.9658,32523140000.0,9842300000.0,1.012
2017-09-22,600977,中国电影,17.22,17.4,17.23,17.4,5545433,95841130.0,stock_sh_600977,17.42,-0.19,-1.0907,0.9815,32168410000.0,9734950000.0,1.012
2017-09-25,600977,中国电影,17.07,17.18,17.13,17.32,4979249,85659396.0,stock_sh_600977,17.23,-0.1,-0.5804,0.8813,31981710000.0,9678450000.0,1.012
2017-09-26,600977,中国电影,17.02,17.13,17.04,17.17,4971164,84815160.0,stock_sh_600977,17.13,-0.09,-0.5254,0.8799,31813680000.0,9627600000.0,1.012
2017-09-27,600977,中国电影,17.03,17.04,17.1,17.14,3265625,55790211.0,stock_sh_600977,17.04,0.06,0.3521,0.578,31925700000.0,9661500000.0,1.012
2017-09-28,600977,中国电影,17.1,17.12,17.13,17.38,5305874,91491748.0,stock_sh_600977,17.1,0.03,0.1754,0.9391,31981710000.0,9678450000.0,1.012
2017-09-29,600977,中国电影,17.17,17.2,17.27,17.3,3272235,56412336.0,stock_sh_600977,17.13,0.14,0.8173,0.5792,32243090000.0,9757550000.0,1.012
2017-10-09,600977,中国电影,17.29,17.3,17.33,17.49,5237994,90970399.0,stock_sh_600977,17.27,0.06,0.3474,0.9271,32355110000.0,9791450000.0,1.012
2017-10-10,600977,中国电影,17.3,17.37,17.71,17.75,9008799,158089254.0,stock_sh_600977,17.33,0.38,2.1927,1.5945,33064570000.0,10006150000.0,1.012
2017-10-11,600977,中国电影,17.67,17.73,17.84,17.97,12735407,227465438.0,stock_sh_600977,17.71,0.13,0.7340000000000001,2.2541,33307280000.0,10079600000.0,1.012
2017-10-12,600977,中国电影,17.59,17.85,17.68,17.86,5551659,98150189.0,stock_sh_600977,17.84,-0.16,-0.8969,0.9826,33008560000.0,9989200000.0,1.012
2017-10-13,600977,中国电影,17.59,17.7,17.88,17.92,6333957,112365244.0,stock_sh_600977,17.68,0.2,1.1312,1.1211,33381960000.0,10102200000.0,1.012
2017-10-16,600977,中国电影,17.44,17.8,17.45,17.85,7631877,134453048.0,stock_sh_600977,17.88,-0.43,-2.4049,1.3508,32579150000.0,9859250000.0,1.012
2017-10-17,600977,中国电影,17.35,17.49,17.49,17.55,3959874,69065597.0,stock_sh_600977,17.45,0.04,0.2292,0.7009,32653830000.0,9881850000.0,1.012
2017-10-18,600977,中国电影,17.24,17.49,17.29,17.56,4466002,77700336.0,stock_sh_600977,17.49,-0.2,-1.1435,0.7904,32280430000.0,9768850000.0,1.012
2017-10-19,600977,中国电影,17.08,17.26,17.16,17.31,5092323,87356339.0,stock_sh_600977,17.29,-0.13,-0.7519,0.9013,32037720000.0,9695400000.0,1.012
2017-10-20,600977,中国电影,17.02,17.14,17.34,17.36,2763486,47682157.0,stock_sh_600977,17.16,0.18,1.0490000000000002,0.4891,32373780000.0,9797100000.0,1.012
2017-10-23,600977,中国电影,17.25,17.36,17.34,17.42,2746500,47555045.0,stock_sh_600977,17.34,0.0,0.0,0.4861,32373780000.0,9797100000.0,1.012
2017-10-24,600977,中国电影,17.15,17.28,17.21,17.34,2918919,50220569.0,stock_sh_600977,17.34,-0.13,-0.7497,0.5166,32131070000.0,9723650000.0,1.012
2017-10-25,600977,中国电影,17.2,17.21,17.45,17.48,4079837,70931493.0,stock_sh_600977,17.21,0.24,1.3945,0.7221,32579150000.0,9859250000.0,1.012
2017-10-26,600977,中国电影,17.39,17.48,17.52,17.53,5406776,94478268.0,stock_sh_600977,17.45,0.07,0.4011,0.9570000000000001,32709840000.0,9898800000.0,1.012
2017-10-27,600977,中国电影,17.42,17.53,17.46,17.68,4676967,82038183.0,stock_sh_600977,17.52,-0.06,-0.3425,0.8278,32597820000.0,9864900000.0,1.012
2017-10-30,600977,中国电影,16.77,17.47,16.82,17.5,10082980,171388547.0,stock_sh_600977,17.46,-0.64,-3.6655,1.7846,31402940000.0,9503300000.0,1.012
2017-10-31,600977,中国电影,16.69,16.83,16.8,16.87,5679992,95242821.0,stock_sh_600977,16.82,-0.02,-0.1189,1.0053,31365600000.0,9492000000.0,1.012
2017-11-01,600977,中国电影,16.75,16.8,16.82,16.9,3762848,63286314.0,stock_sh_600977,16.8,0.02,0.11900000000000001,0.6659999999999999,31402940000.0,9503300000.0,1.012
2017-11-02,600977,中国电影,16.44,16.78,16.46,16.78,6929735,114739171.0,stock_sh_600977,16.82,-0.36,-2.1403,1.2265,30730820000.0,9299900000.0,1.012
2017-11-03,600977,中国电影,16.21,16.55,16.29,16.55,5654765,92511962.0,stock_sh_600977,16.46,-0.17,-1.0328,1.0008,30413430000.0,9203850000.0,1.012
2017-11-06,600977,中国电影,16.06,16.37,16.15,16.38,8099767,130708481.0,stock_sh_600977,16.29,-0.14,-0.8594,1.4336,30152050000.0,9124750000.0,1.012
2017-11-07,600977,中国电影,16.0,16.18,16.16,16.24,8440246,135928221.0,stock_sh_600977,16.15,0.01,0.0619,1.4938,30170720000.0,9130400000.0,1.012
2017-11-08,600977,中国电影,16.1,16.17,16.49,16.66,10374651,170772899.0,stock_sh_600977,16.16,0.33,2.0421,1.8362,30786830000.0,9316850000.0,1.012
2017-11-09,600977,中国电影,16.35,16.39,16.44,16.56,8587347,141088306.0,stock_sh_600977,16.49,-0.05,-0.3032,1.5199,30693480000.0,9288600000.0,1.012
2017-11-10,600977,中国电影,16.27,16.44,16.31,16.46,4530626,74059286.0,stock_sh_600977,16.44,-0.13,-0.7908,0.8019,30450770000.0,9215150000.0,1.012
2017-11-13,600977,中国电影,16.27,16.32,16.35,16.46,4117445,67324560.0,stock_sh_600977,16.31,0.04,0.2452,0.7288,30525450000.0,9237750000.0,1.012
2017-11-14,600977,中国电影,16.05,16.36,16.07,16.36,5897763,95204834.0,stock_sh_600977,16.35,-0.28,-1.7125,1.0439,30002690000.0,9079550000.0,1.012
2017-11-15,600977,中国电影,16.0,16.07,16.09,16.17,3856610,61971966.0,stock_sh_600977,16.07,0.02,0.1245,0.6826,30040030000.0,9090850000.0,1.012
2017-11-16,600977,中国电影,15.85,16.09,15.86,16.1,6502654,103495854.0,stock_sh_600977,16.09,-0.23,-1.4295,1.1509,29610620000.0,8960900000.0,1.012
2017-11-17,600977,中国电影,15.06,15.82,15.18,15.9,12291633,189150719.0,stock_sh_600977,15.86,-0.68,-4.2875,2.1755,28341060000.0,8576700000.0,1.012
2017-11-20,600977,中国电影,14.86,15.17,15.09,15.17,4844039,72622979.0,stock_sh_600977,15.18,-0.09,-0.5929,0.8574,28173030000.0,8525850000.0,1.012
2017-11-21,600977,中国电影,15.03,15.16,15.1,15.29,5823521,88236148.0,stock_sh_600977,15.09,0.01,0.0663,1.0307,28191700000.0,8531500000.0,1.012
2017-11-22,600977,中国电影,15.06,15.16,15.13,15.22,3979723,60280979.0,stock_sh_600977,15.1,0.03,0.1987,0.7044,28247710000.0,8548450000.0,1.012
2017-11-23,600977,中国电影,14.82,15.12,14.85,15.35,7668264,116021956.0,stock_sh_600977,15.13,-0.28,-1.8506,1.3572,27724950000.0,8390250000.0,1.012
2017-11-24,600977,中国电影,14.71,14.8,14.82,14.95,4496973,66738530.0,stock_sh_600977,14.85,-0.03,-0.20199999999999999,0.7959,27668940000.0,8373300000.0,1.012
2017-11-27,600977,中国电影,14.55,14.79,14.77,15.06,6614259,97627798.0,stock_sh_600977,14.82,-0.05,-0.3374,1.1707,27575590000.0,8345050000.0,1.012
2017-11-28,600977,中国电影,14.71,14.79,15.02,15.06,5934627,88710143.0,stock_sh_600977,14.77,0.25,1.6926,1.0504,28042340000.0,8486300000.0,1.012
2017-11-29,600977,中国电影,14.88,15.05,14.98,15.05,5184352,77498447.0,stock_sh_600977,15.02,-0.04,-0.2663,0.9176,27967660000.0,8463700000.0,1.012
2017-11-30,600977,中国电影,14.73,14.99,14.81,15.04,3941436,58646819.0,stock_sh_600977,14.98,-0.17,-1.1348,0.6976,27650270000.0,8367650000.0,1.012
2017-12-01,600977,中国电影,14.75,14.81,15.0,15.03,4834251,72317492.0,stock_sh_600977,14.81,0.19,1.2829,0.8556,28005000000.0,8475000000.0,1.012
2017-12-04,600977,中国电影,14.79,14.98,14.89,15.02,4688268,69978452.0,stock_sh_600977,15.0,-0.11,-0.7333,0.8298,27799630000.0,8412850000.0,1.012
2017-12-05,600977,中国电影,14.76,14.87,14.9,15.18,8941187,133565183.0,stock_sh_600977,14.89,0.01,0.0672,1.5825,27818300000.0,8418500000.0,1.012
2017-12-06,600977,中国电影,14.7,14.84,15.02,15.04,4988062,74141888.0,stock_sh_600977,14.9,0.12,0.8054,0.8828,28042340000.0,8486300000.0,1.012
2017-12-07,600977,中国电影,14.92,14.98,15.2,15.28,9279128,140176300.0,stock_sh_600977,15.02,0.18,1.1984,1.6423,28378400000.0,8588000000.0,1.012
2017-12-08,600977,中国电影,15.12,15.17,15.43,15.55,12001646,184706877.0,stock_sh_600977,15.2,0.23,1.5132,2.1242,28807810000.0,8717950000.0,1.012
2017-12-11,600977,中国电影,15.29,15.43,15.41,15.47,5313221,81760470.0,stock_sh_600977,15.43,-0.02,-0.1296,0.9404,28770470000.0,8706650000.0,1.012
2017-12-12,600977,中国电影,15.25,15.36,15.26,15.67,9029375,139890041.0,stock_sh_600977,15.41,-0.15,-0.9734,1.5981,28490420000.0,8621900000.0,1.012
2017-12-13,600977,中国电影,15.16,15.22,15.32,15.41,4593256,70124001.0,stock_sh_600977,15.26,0.06,0.3932,0.813,28602440000.0,8655800000.0,1.012
2017-12-14,600977,中国电影,15.14,15.32,15.32,15.38,5285384,80644754.0,stock_sh_600977,15.32,0.0,0.0,0.9355,28602440000.0,8655800000.0,1.012
2017-12-15,600977,中国电影,15.15,15.32,15.23,15.32,3238860,49323127.0,stock_sh_600977,15.32,-0.09,-0.5875,0.5732,28434410000.0,8604950000.0,1.012
2017-12-18,600977,中国电影,15.16,15.23,15.25,15.31,2840707,43284403.0,stock_sh_600977,15.23,0.02,0.1313,0.5028,28471750000.0,8616250000.0,1.012
2017-12-19,600977,中国电影,15.26,15.28,15.54,15.59,7136519,110461640.0,stock_sh_600977,15.25,0.29,1.9016,1.2631,29013180000.0,8780100000.0,1.012
2017-12-20,600977,中国电影,15.32,15.52,15.34,15.52,3863850,59528151.0,stock_sh_600977,15.54,-0.2,-1.287,0.6839,28639780000.0,8667100000.0,1.012
2017-12-21,600977,中国电影,15.14,15.32,15.26,15.33,3942300,60078769.0,stock_sh_600977,15.34,-0.08,-0.5215,0.6978,28490420000.0,8621900000.0,1.012
2017-12-22,600977,中国电影,15.15,15.26,15.19,15.36,2828014,43126716.0,stock_sh_600977,15.26,-0.07,-0.4587,0.5005,28359730000.0,8582350000.0,1.012
2017-12-25,600977,中国电影,14.87,15.19,14.9,15.24,5678751,84938050.0,stock_sh_600977,15.19,-0.29,-1.9092,1.0051,27818300000.0,8418500000.0,1.012
2017-12-26,600977,中国电影,14.82,14.89,15.17,15.24,4520818,68150273.0,stock_sh_600977,14.9,0.27,1.8121,0.8001,28322390000.0,8571050000.0,1.012
2017-12-27,600977,中国电影,14.84,15.15,14.88,15.18,4830996,72313220.0,stock_sh_600977,15.17,-0.29,-1.9117,0.855,27780960000.0,8407200000.0,1.012
2017-12-28,600977,中国电影,14.85,14.87,15.39,15.82,16405661,255330681.0,stock_sh_600977,14.88,0.51,3.4274,2.9037,28733130000.0,8695350000.0,1.012
2017-12-29,600977,中国电影,15.25,15.33,15.4,15.6,7176373,110296087.0,stock_sh_600977,15.39,0.01,0.065,1.2702,28751800000.0,8701000000.0,1.012
2018-01-02,600977,中国电影,15.33,15.39,15.59,15.65,8060724,125380645.0,stock_sh_600977,15.4,0.19,1.2338,1.4267,29106530000.0,8808350000.0,1.012
2018-01-03,600977,中国电影,15.49,15.59,15.57,15.71,7227238,112758804.0,stock_sh_600977,15.59,-0.02,-0.1283,1.2792,29069190000.0,8797050000.0,1.012
2018-01-04,600977,中国电影,15.42,15.53,15.49,15.65,6056539,94013322.0,stock_sh_600977,15.57,-0.08,-0.5138,1.072,28919830000.0,8751850000.0,1.012
2018-01-05,600977,中国电影,15.48,15.48,15.7,15.82,11403474,178960300.0,stock_sh_600977,15.49,0.21,1.3557,2.0183,29311900000.0,8870500000.0,1.012
2018-01-08,600977,中国电影,15.61,15.65,15.69,15.8,7503641,117865409.0,stock_sh_600977,15.7,-0.01,-0.0637,1.3281,29293230000.0,8864850000.0,1.012
2018-01-09,600977,中国电影,15.51,15.66,15.56,15.71,6293383,98104025.0,stock_sh_600977,15.69,-0.13,-0.8286,1.1139,29050520000.0,8791400000.0,1.012
2018-01-10,600977,中国电影,15.15,15.55,15.23,15.57,7858045,120476832.0,stock_sh_600977,15.56,-0.33,-2.1208,1.3908,28434410000.0,8604950000.0,1.012
2018-01-11,600977,中国电影,15.03,15.2,15.33,15.34,7891713,119993178.0,stock_sh_600977,15.23,0.1,0.6566,1.3968,28621110000.0,8661450000.0,1.012
2018-01-12,600977,中国电影,15.06,15.25,15.12,15.3,5290674,80189667.0,stock_sh_600977,15.33,-0.21,-1.3699,0.9364,28229040000.0,8542800000.0,1.012
2018-01-15,600977,中国电影,14.8,15.06,14.84,15.13,6283884,93845171.0,stock_sh_600977,15.12,-0.28,-1.8519,1.1122,27706280000.0,8384600000.0,1.012
2018-01-16,600977,中国电影,14.66,14.78,14.86,14.95,5183828,76880888.0,stock_sh_600977,14.84,0.02,0.1348,0.9175,27743620000.0,8395900000.0,1.012
2018-01-17,600977,中国电影,14.82,14.87,15.3,15.45,14360494,218346248.0,stock_sh_600977,14.86,0.44,2.9610000000000003,2.5417,28565100000.0,8644500000.0,1.012
2018-01-18,600977,中国电影,15.11,15.22,15.19,15.26,5768309,87627967.0,stock_sh_600977,15.3,-0.11,-0.7190000000000001,1.0209,28359730000.0,8582350000.0,1.012
2018-01-19,600977,中国电影,15.11,15.15,15.26,15.37,5429010,82802111.0,stock_sh_600977,15.19,0.07,0.4608,0.9609,28490420000.0,8621900000.0,1.012
2018-01-22,600977,中国电影,15.16,15.26,16.14,16.28,28717973,457836763.0,stock_sh_600977,15.26,0.88,5.7667,5.0828,30133380000.0,9119100000.0,1.012
2018-01-23,600977,中国电影,15.96,16.1,16.18,16.22,16084305,258644147.0,stock_sh_600977,16.14,0.04,0.2478,2.8468,30208060000.0,9141700000.0,1.012
2018-01-24,600977,中国电影,16.14,16.18,16.85,17.05,36338221,607758936.0,stock_sh_600977,16.18,0.67,4.1409,6.4315,31458950000.0,9520250000.0,1.012
2018-01-25,600977,中国电影,16.67,16.78,16.78,17.19,27725253,469075730.0,stock_sh_600977,16.85,-0.07,-0.4154,4.9071,31328260000.0,9480700000.0,1.012
2018-01-26,600977,中国电影,16.62,16.66,16.67,16.95,11351277,190308769.0,stock_sh_600977,16.78,-0.11,-0.6555,2.0091,31122890000.0,9418550000.0,1.012
2018-01-29,600977,中国电影,16.3,16.68,16.55,16.79,15379230,254893717.0,stock_sh_600977,16.67,-0.12,-0.7199,2.722,30898850000.0,9350750000.0,1.012
2018-01-30,600977,中国电影,16.5,16.59,16.66,16.94,10994384,184043120.0,stock_sh_600977,16.55,0.11,0.6647,1.9459,31104220000.0,9412900000.0,1.012
2018-01-31,600977,中国电影,16.22,16.61,16.4,16.73,10233555,168382798.0,stock_sh_600977,16.66,-0.26,-1.5606,1.8112,30618800000.0,9266000000.0,1.012
2018-02-01,600977,中国电影,15.9,16.44,16.17,16.69,13006472,211575763.0,stock_sh_600977,16.4,-0.23,-1.4024,2.302,30189390000.0,9136050000.0,1.012
2018-02-02,600977,中国电影,15.83,16.07,16.64,16.65,12729130,209050691.0,stock_sh_600977,16.17,0.47,2.9066,2.2529,31066880000.0,9401600000.0,1.012
2018-02-05,600977,中国电影,16.4,16.45,16.76,16.94,13441091,225570010.0,stock_sh_600977,16.64,0.12,0.7212,2.379,31290920000.0,9469400000.0,1.012
2018-02-06,600977,中国电影,15.88,16.42,15.91,16.66,15408743,249976178.0,stock_sh_600977,16.76,-0.85,-5.0716,2.7272,29703970000.0,8989150000.0,1.012
2018-02-07,600977,中国电影,15.51,16.28,16.47,16.55,18392170,297877733.0,stock_sh_600977,15.91,0.56,3.5198,3.2553,30749490000.0,9305550000.0,1.012
2018-02-08,600977,中国电影,16.23,16.33,16.35,16.52,8913461,146045140.0,stock_sh_600977,16.47,-0.12,-0.7286,1.5776,30525450000.0,9237750000.0,1.012
2018-02-09,600977,中国电影,14.72,15.9,15.24,16.2,15329956,239525306.0,stock_sh_600977,16.35,-1.11,-6.789,2.7133,28453080000.0,8610600000.0,1.012
2018-02-12,600977,中国电影,15.21,15.3,15.48,15.74,7435974,115476057.0,stock_sh_600977,15.24,0.24,1.5748,1.3161,28901160000.0,8746200000.0,1.012
2018-02-13,600977,中国电影,15.54,15.61,15.62,15.85,6675246,104568286.0,stock_sh_600977,15.48,0.14,0.9044,1.1815,29162540000.0,8825300000.0,1.012
2018-02-14,600977,中国电影,15.62,15.69,16.29,16.32,9649415,154337376.0,stock_sh_600977,15.62,0.67,4.2894,1.7079,30413430000.0,9203850000.0,1.012
2018-02-22,600977,中国电影,16.92,17.18,17.12,17.69,34025744,586849646.0,stock_sh_600977,16.29,0.83,5.0952,6.0223,31963040000.0,9672800000.0,1.012
2018-02-23,600977,中国电影,16.52,17.03,16.68,17.29,24172785,405592411.0,stock_sh_600977,17.12,-0.44,-2.5701,4.2784,31141560000.0,9424200000.0,1.012
2018-02-26,600977,中国电影,16.58,16.83,16.87,17.06,25541666,429881036.0,stock_sh_600977,16.68,0.19,1.1391,4.5206,31496290000.0,9531550000.0,1.012
2018-02-27,600977,中国电影,16.53,16.81,17.29,17.44,32773853,557840275.0,stock_sh_600977,16.87,0.42,2.4896,5.8007,32280430000.0,9768850000.0,1.012
2018-02-28,600977,中国电影,16.68,17.06,16.84,17.07,19185860,324232092.0,stock_sh_600977,17.29,-0.45,-2.6027,3.3957,31440280000.0,9514600000.0,1.012
2018-03-01,600977,中国电影,16.67,16.79,17.07,17.12,15809498,268529708.0,stock_sh_600977,16.84,0.23,1.3658,2.7981,31869690000.0,9644550000.0,1.012
2018-03-02,600977,中国电影,16.99,17.08,17.95,18.14,48128843,850103868.0,stock_sh_600977,17.07,0.88,5.1552,8.5184,33512650000.0,10141750000.0,1.012
2018-03-05,600977,中国电影,17.51,18.24,17.8,18.24,33841482,601672468.0,stock_sh_600977,17.95,-0.15,-0.8357,5.9896,33232600000.0,10057000000.0,1.012
2018-03-06,600977,中国电影,17.46,17.79,17.77,17.95,22396983,396571938.0,stock_sh_600977,17.8,-0.03,-0.1685,3.9641,33176590000.0,10040050000.0,1.012
2018-03-07,600977,中国电影,17.3,17.68,17.35,17.72,14353667,250993949.0,stock_sh_600977,17.77,-0.42,-2.3635,2.5405,32392450000.0,9802750000.0,1.012
2018-03-08,600977,中国电影,17.16,17.34,17.47,17.5,10886236,188655425.0,stock_sh_600977,17.35,0.12,0.6916,1.9268,32616490000.0,9870550000.0,1.012
2018-03-09,600977,中国电影,17.32,17.4,17.6,17.76,14765989,259958616.0,stock_sh_600977,17.47,0.13,0.7441,2.6134,32859200000.0,9944000000.0,1.012
2018-03-12,600977,中国电影,17.42,17.6,17.52,17.94,17306669,305339999.0,stock_sh_600977,17.6,-0.08,-0.4545,3.0631,32709840000.0,9898800000.0,1.012
2018-03-13,600977,中国电影,17.07,17.43,17.19,17.47,13180722,227044564.0,stock_sh_600977,17.52,-0.33,-1.8836,2.3329,32093730000.0,9712350000.0,1.012
2018-03-14,600977,中国电影,17.0,17.1,17.18,17.31,8776607,150589072.0,stock_sh_600977,17.19,-0.01,-0.0582,1.5534,32075060000.0,9706700000.0,1.012
2018-03-15,600977,中国电影,16.9,17.1,17.08,17.25,8050362,137345111.0,stock_sh_600977,17.18,-0.1,-0.5821,1.4248,31888360000.0,9650200000.0,1.012
2018-03-16,600977,中国电影,17.05,17.14,17.14,17.34,7043120,120954773.0,stock_sh_600977,17.08,0.06,0.3513,1.2466,32000380000.0,9684100000.0,1.012
2018-03-19,600977,中国电影,17.02,17.15,17.32,17.34,7736615,133492016.0,stock_sh_600977,17.14,0.18,1.0502,1.3693,32336440000.0,9785800000.0,1.012
2018-03-20,600977,中国电影,16.96,17.19,17.14,17.27,7805800,133439268.0,stock_sh_600977,17.32,-0.18,-1.0393,1.3816,32000380000.0,9684100000.0,1.012
2018-03-21,600977,中国电影,16.75,17.1,16.87,17.28,10643226,181399820.0,stock_sh_600977,17.14,-0.27,-1.5753,1.8838,31496290000.0,9531550000.0,1.012
2018-03-22,600977,中国电影,16.42,16.85,16.69,16.94,11426861,190116633.0,stock_sh_600977,16.87,-0.18,-1.067,2.0225,31160230000.0,9429850000.0,1.012
2018-03-23,600977,中国电影,15.85,16.1,16.48,16.5,20303832,327169742.0,stock_sh_600977,16.69,-0.21,-1.2582,3.5936,30768160000.0,9311200000.0,1.012
2018-03-26,600977,中国电影,16.06,16.24,16.48,16.5,6477192,105417597.0,stock_sh_600977,16.48,0.0,0.0,1.1464,30768160000.0,9311200000.0,1.012
2018-03-27,600977,中国电影,16.6,16.68,16.83,16.87,9510971,159203010.0,stock_sh_600977,16.48,0.35,2.1238,1.6834,31421610000.0,9508950000.0,1.012
2018-03-28,600977,中国电影,16.44,16.62,16.52,16.89,7468355,124106707.0,stock_sh_600977,16.83,-0.31,-1.8419,1.3218,30842840000.0,9333800000.0,1.012
2018-03-29,600977,中国电影,16.45,16.65,16.48,16.67,6228489,103186654.0,stock_sh_600977,16.52,-0.04,-0.2421,1.1024,30768160000.0,9311200000.0,1.012
