timestamp,price,volume,turnover,direction
15:00:03,9.17,2811,2578420,1
14:57:03,9.17,800,733600,1
14:57:00,9.16,70,64120,-1
14:56:57,9.16,340,311440,-1
14:56:54,9.17,57,52269,1
14:56:51,9.17,31,28427,1
14:56:48,9.16,211,193276,-1
14:56:42,9.17,93,85281,1
14:56:39,9.16,157,143812,-1
14:56:36,9.16,448,410368,-1
14:56:33,9.17,8,7336,1
14:56:30,9.16,68,62288,-1
14:56:27,9.16,3,2748,-1
14:56:24,9.16,399,365484,-1
14:56:18,9.17,266,243922,1
14:56:15,9.16,5,4580,-1
14:56:12,9.17,692,634564,1
14:56:09,9.16,2,1832,-1
14:56:06,9.17,30,27510,1
14:56:03,9.17,238,218246,1
14:56:00,9.17,95,87115,1
14:55:57,9.17,26,23842,1
14:55:54,9.16,10,9160,-1
14:55:51,9.17,5,4585,1
14:55:48,9.17,155,142135,1
14:55:45,9.17,132,121044,1
14:55:42,9.17,237,217329,1
14:55:39,9.16,34,31144,-1
14:55:36,9.17,11,10087,1
14:55:33,9.16,65,59540,-1
14:55:30,9.17,53,48601,1
14:55:27,9.17,28,25676,1
14:55:18,9.17,76,69692,1
14:55:15,9.17,50,45850,1
14:55:12,9.16,30,27480,-1
14:55:06,9.16,238,218008,-1
14:55:03,9.16,43,39388,-1
14:55:00,9.17,100,91700,1
14:54:57,9.16,127,116332,-1
14:54:54,9.16,51,46716,-1
14:54:51,9.17,97,88949,1
14:54:48,9.16,83,76028,-1
14:54:45,9.17,134,122878,1
14:54:42,9.17,8,7336,1
14:54:39,9.17,2,1834,1
14:54:36,9.17,424,388808,1
14:54:33,9.17,5,4585,1
14:54:30,9.16,119,109004,-1
14:54:27,9.16,15,13740,-1
14:54:24,9.17,51,46767,1
14:54:21,9.16,24,21984,-1
14:54:18,9.16,48,43968,-1
14:54:15,9.17,2,1834,1
14:54:12,9.16,246,225336,-1
14:54:09,9.16,10,9160,-1
14:54:06,9.16,472,432352,-1
14:54:03,9.17,12,11004,1
14:53:57,9.17,23,21091,1
14:53:54,9.16,29,27470,-1
14:53:51,9.17,20,18340,1
14:53:48,9.17,1,917,1
14:53:45,9.16,105,96180,-1
14:53:42,9.16,38,34808,-1
14:53:39,9.17,131,120127,1
14:53:36,9.16,100,91600,-1
14:53:33,9.16,461,422276,-1
14:53:30,9.17,38,34846,1
14:53:27,9.16,2,1832,-1
14:53:24,9.16,77,70532,-1
14:53:21,9.16,90,82440,-1
14:53:18,9.16,29,26564,-1
14:53:12,9.17,74,67858,1
14:53:09,9.15,1175,1075125,-1
14:53:06,9.16,61,55876,1
14:53:03,9.16,19,17404,1
14:53:00,9.16,15,13740,1
14:52:57,9.15,35,32025,-1
14:52:54,9.16,404,370064,1
14:52:51,9.16,20,18320,1
14:52:48,9.15,1011,925065,-1
14:52:42,9.16,55,50380,1
14:52:36,9.16,53,48548,1
14:52:33,9.16,275,251900,1
14:52:30,9.15,1,915,-1
14:52:27,9.16,20,18320,1
14:52:24,9.16,33,30228,1
14:52:21,9.16,121,110836,1
14:52:18,9.16,150,137400,1
14:52:15,9.16,74,67784,1
14:52:09,9.16,200,183200,1
14:52:03,9.16,7,6412,1
14:52:00,9.16,359,328844,1
14:51:51,9.16,20,18320,1
14:51:48,9.16,28,25648,1
14:51:45,9.16,21,19236,1
14:51:42,9.16,885,810660,-1
14:51:39,9.17,20,18340,1
14:51:36,9.16,3,2748,-1
14:51:33,9.17,23,21091,1
14:51:30,9.17,2,1834,1
14:51:27,9.16,6,5496,-1
14:51:24,9.16,43,39388,-1
14:51:21,9.17,40,36680,1
14:51:18,9.16,50,45800,-1
14:51:12,9.16,96,87936,-1
14:51:09,9.16,30,27480,-1
14:51:06,9.16,1,916,-1
14:51:03,9.16,27,24732,-1
14:51:00,9.17,45,41265,1
14:50:54,9.17,69,63273,1
14:50:51,9.16,100,91600,-1
14:50:48,9.17,89,81613,1
14:50:42,9.17,20,18340,1
14:50:39,9.16,40,36640,-1
14:50:36,9.16,30,27480,-1
14:50:33,9.17,3,2751,1
14:50:24,9.16,27,24732,-1
14:50:18,9.17,3,2751,1
14:50:12,9.16,1,916,-1
14:50:09,9.16,131,120417,1
14:50:06,9.16,11,10076,1
14:50:03,9.16,73,66868,1
14:50:00,9.16,60,54960,1
14:49:54,9.16,25,22900,1
14:49:51,9.15,92,84180,-1
14:49:48,9.16,1,916,1
14:49:45,9.16,20,18320,1
14:49:39,9.16,10,9160,1
14:49:36,9.16,24,21984,1
14:49:33,9.16,20,18320,1
14:49:30,9.16,18,16488,1
14:49:27,9.16,50,45800,1
14:49:24,9.16,2,1832,1
14:49:21,9.15,10,9150,-1
14:49:18,9.16,10,9160,1
14:49:15,9.15,70,64050,-1
14:49:12,9.16,17,15572,1
14:49:09,9.15,4,3660,-1
14:49:06,9.16,100,91600,1
14:49:03,9.16,304,278464,1
14:49:00,9.16,5,4580,1
14:48:54,9.16,623,570668,1
14:48:48,9.16,10,9160,1
14:48:36,9.16,126,115416,1
14:48:30,9.16,30,27480,1
14:48:24,9.15,20,18300,-1
14:48:21,9.16,29,26564,1
14:48:18,9.16,10,9160,1
14:48:15,9.16,3,2748,1
14:48:09,9.15,35,32025,-1
14:48:06,9.16,54,49464,1
14:48:03,9.15,171,156465,-1
14:48:00,9.16,433,396628,1
14:47:57,9.16,17,15572,1
14:47:54,9.16,119,109004,1
14:47:51,9.16,90,82440,1
14:47:48,9.16,3,2748,1
14:47:45,9.16,26,23816,1
14:47:42,9.16,47,43052,1
14:47:39,9.16,344,315598,-1
14:47:36,9.16,4,3664,-1
14:47:33,9.16,284,260144,-1
14:47:24,9.17,107,98540,1
14:47:18,9.16,30,27480,1
14:47:15,9.16,249,228084,-1
14:47:12,9.16,60,54960,-1
14:47:06,9.17,102,93534,1
14:46:48,9.16,50,45800,-1
14:46:45,9.16,11,10076,-1
14:46:39,9.16,16,14656,-1
14:46:36,9.16,133,121828,1
14:46:30,9.16,20,18320,1
14:46:27,9.16,5,4580,1
14:46:24,9.16,206,188696,1
14:46:21,9.16,3,2748,1
14:46:18,9.16,455,416780,1
14:46:15,9.16,20,18320,1
14:46:12,9.16,40,36640,1
14:46:09,9.16,20,18320,1
14:46:06,9.16,90,82440,1
14:46:03,9.16,60,54960,1
14:46:00,9.16,44,40304,1
14:45:51,9.16,66,60456,1
14:45:45,9.15,300,274500,-1
14:45:42,9.15,60,54900,-1
14:45:33,9.15,6,5490,-1
14:45:27,9.16,1,916,1
14:45:24,9.16,20,18320,1
14:45:21,9.16,13,11908,1
14:45:18,9.15,8,7320,-1
14:45:12,9.16,3,2748,1
14:45:09,9.15,63,57645,-1
14:45:06,9.16,16,14656,1
14:45:03,9.16,32,29312,1
14:44:54,9.16,114,104424,1
14:44:51,9.16,1168,1069888,-1
14:44:45,9.17,1,917,1
14:44:42,9.17,89,81613,1
14:44:39,9.17,465,426405,1
14:44:33,9.17,16,14672,1
14:44:30,9.17,3,2751,1
14:44:27,9.17,3,2751,1
14:44:24,9.16,10,9160,-1
14:44:21,9.17,31,28427,1
14:44:18,9.17,143,131131,1
14:44:12,9.17,3,2751,1
14:44:09,9.17,5,4585,1
14:44:06,9.16,30,27480,-1
14:44:03,9.16,110,100760,-1
14:43:54,9.17,11,10087,1
14:43:51,9.17,11,10087,1
14:43:45,9.17,9,8253,1
14:43:39,9.17,6,5502,1
14:43:36,9.17,60,55020,1
14:43:27,9.17,2,1834,1
14:43:24,9.16,50,45800,-1
14:43:18,9.16,4,3664,-1
14:43:15,9.16,22,20152,-1
14:43:12,9.16,50,45800,-1
14:43:03,9.17,48,44016,1
14:43:00,9.17,36,33012,1
14:42:57,9.16,80,73280,-1
14:42:48,9.16,100,91600,-1
14:42:45,9.17,393,360848,1
14:42:42,9.16,9,8244,1
14:42:33,9.16,15,13740,1
14:42:30,9.16,48,43968,1
14:42:27,9.16,1,916,1
14:42:21,9.16,220,201520,1
14:42:18,9.16,20,18320,1
14:42:15,9.16,399,365932,-1
14:42:09,9.16,15,13740,-1
14:42:06,9.16,20,18320,-1
14:42:03,9.16,30,27480,-1
14:42:00,9.16,142,130539,1
14:41:57,9.16,51,46716,1
14:41:54,9.16,33,30228,1
14:41:51,9.16,50,45800,1
14:41:45,9.16,107,98012,1
14:41:42,9.16,695,637068,-1
14:41:39,9.16,153,140148,-1
14:41:36,9.16,101,92516,-1
14:41:30,9.17,19,17423,1
14:41:24,9.17,48,44016,1
14:41:21,9.16,1,916,-1
14:41:12,9.17,3,2751,1
14:41:09,9.16,849,777684,-1
14:41:03,9.16,302,276632,-1
14:41:00,9.17,21,19257,1
14:40:57,9.17,88,80696,1
14:40:54,9.17,10,9170,1
14:40:51,9.16,5,4580,-1
14:40:48,9.17,2,1834,1
14:40:45,9.17,9,8253,1
14:40:42,9.16,49,44884,-1
14:40:39,9.16,46,42136,-1
14:40:33,9.17,50,45850,1
14:40:30,9.17,54,49518,1
14:40:27,9.17,2,1834,1
14:40:24,9.16,26,23816,-1
14:40:18,9.17,8,7336,1
14:40:15,9.16,12,10992,-1
14:40:12,9.17,20,18340,1
14:40:09,9.16,11,10076,-1
14:40:06,9.16,66,60456,-1
14:40:03,9.16,500,458000,-1
14:40:00,9.17,2,1834,1
14:39:54,9.16,14,12824,-1
14:39:51,9.16,10,9160,-1
14:39:45,9.16,925,847767,1
14:39:42,9.16,15,13740,1
14:39:33,9.15,113,103395,-1
14:39:30,9.16,300,274800,1
14:39:27,9.16,2,1832,1
14:39:21,9.16,10,9160,1
14:39:15,9.16,12,10992,1
14:39:12,9.16,13,11908,1
14:39:00,9.16,6,5496,1
14:38:54,9.15,10,9150,-1
14:38:51,9.16,3,2748,1
14:38:48,9.16,10,9160,1
14:38:36,9.16,470,430520,1
14:38:30,9.16,11,10076,1
14:38:24,9.16,12,10992,1
14:38:12,9.16,1,916,1
14:38:03,9.15,800,732000,-1
14:37:57,9.15,10,9150,-1
14:37:48,9.15,30,27450,-1
14:37:42,9.16,3,2748,1
14:37:21,9.15,6,5490,-1
14:37:18,9.16,3,2748,1
14:37:15,9.15,22,20130,-1
14:37:09,9.15,25,22875,-1
14:37:03,9.16,3,2748,1
14:37:00,9.15,21,19215,-1
14:36:57,9.15,23,21045,-1
14:36:45,9.15,5,4575,-1
14:36:42,9.16,156,142896,1
14:36:36,9.16,1,916,1
14:36:33,9.16,3,2748,1
14:36:30,9.16,35,32060,1
14:36:27,9.15,10,9150,-1
14:36:24,9.16,114,104424,1
14:36:15,9.16,172,157552,1
14:36:06,9.15,30,27450,-1
14:36:03,9.15,26,23790,-1
14:36:00,9.16,78,71448,1
14:35:57,9.15,10,9150,-1
14:35:54,9.15,41,37515,-1
14:35:51,9.15,25,22875,-1
14:35:45,9.15,69,63135,-1
14:35:42,9.15,80,73200,-1
14:35:33,9.15,41,37515,-1
14:35:30,9.15,28,25620,1
14:35:27,9.15,57,52155,1
14:35:24,9.15,164,150060,1
14:35:12,9.15,12,10980,1
14:35:06,9.14,6,5484,-1
14:35:03,9.15,2,1830,1
14:34:57,9.15,12,10980,-1
14:34:54,9.16,5,4580,1
14:34:51,9.15,47,43005,-1
14:34:48,9.16,455,416780,1
14:34:42,9.15,17,15555,-1
14:34:39,9.16,129,118164,1
14:34:36,9.15,10,9150,1
14:34:33,9.15,19,17385,-1
14:34:30,9.15,70,64050,-1
14:34:27,9.15,336,307440,-1
14:34:24,9.16,253,231748,1
14:34:15,9.16,20,18320,1
14:34:12,9.16,54,49464,1
14:34:09,9.15,3,2745,-1
14:34:06,9.15,154,141815,-1
14:34:03,9.16,230,210680,1
14:34:00,9.15,662,606535,-1
14:33:57,9.16,50,45800,1
14:33:54,9.15,100,91500,-1
14:33:51,9.16,77,70532,1
14:33:42,9.15,25,22875,-1
14:33:36,9.16,3,2748,1
14:33:33,9.15,30,27450,-1
14:33:30,9.15,100,91500,-1
14:33:27,9.15,84,76860,-1
14:33:21,9.15,12,10980,-1
14:33:12,9.15,30,27450,-1
14:33:09,9.15,10,9150,-1
14:32:54,9.15,17,15555,-1
14:32:51,9.15,6,5490,-1
14:32:48,9.16,11,10076,1
14:32:45,9.16,174,159384,1
14:32:33,9.16,14,12824,1
14:32:30,9.16,26,23816,1
14:32:24,9.16,3,2748,1
14:32:15,9.16,12,10992,1
14:32:00,9.16,10,9160,1
14:31:57,9.16,23,21068,1
14:31:54,9.16,10,9160,1
14:31:45,9.16,61,55876,1
14:31:42,9.16,42,38472,1
14:31:36,9.16,63,57708,1
14:31:33,9.16,2,1832,1
14:31:30,9.16,39,35815,1
14:31:27,9.16,19,17404,1
14:31:24,9.16,13,11908,1
14:31:21,9.16,25,22900,1
14:31:18,9.16,2,1832,1
14:31:15,9.16,40,36640,1
14:31:12,9.16,211,193724,-1
14:31:06,9.17,25,22925,1
14:31:03,9.17,112,102704,1
14:31:00,9.17,348,319116,1
14:30:57,9.16,5,4580,-1
14:30:54,9.17,15,13755,1
14:30:51,9.17,13,11921,1
14:30:48,9.16,30,27480,-1
14:30:39,9.17,3,2751,1
14:30:30,9.16,2,1832,-1
14:30:27,9.16,423,387935,1
14:30:21,9.16,120,109920,1
14:30:12,9.15,20,18300,-1
14:30:06,9.15,24,21960,-1
14:30:03,9.15,15,13725,-1
14:29:57,9.15,50,45750,-1
14:29:54,9.15,16,14640,-1
14:29:48,9.16,6,5496,1
14:29:45,9.16,10,9160,1
14:29:39,9.16,79,72364,1
14:29:30,9.15,15,13725,-1
14:29:24,9.16,150,137400,1
14:29:21,9.15,55,50325,-1
14:29:18,9.16,42,38472,1
14:29:12,9.16,3,2748,1
14:29:06,9.15,144,132620,-1
14:29:00,9.15,64,58560,-1
14:28:57,9.15,76,69540,-1
14:28:54,9.16,7,6412,1
14:28:51,9.15,70,64050,-1
14:28:36,9.15,43,39345,-1
14:28:33,9.15,1,915,-1
14:28:30,9.15,8,7320,-1
14:28:27,9.16,3,2748,1
14:28:21,9.15,3,2745,-1
14:28:18,9.15,24,21960,-1
14:28:09,9.16,70,64120,1
14:28:00,9.15,23,21045,-1
14:27:48,9.16,27,24732,1
14:27:45,9.16,40,36640,1
14:27:42,9.16,142,130072,1
14:27:39,9.16,31,28396,1
14:27:36,9.16,149,136484,-1
14:27:33,9.16,12,10992,-1
14:27:30,9.17,3,2751,1
14:27:27,9.16,50,45800,-1
14:27:24,9.16,26,23816,-1
14:27:21,9.17,11,10087,1
14:27:15,9.17,53,48601,1
14:27:12,9.16,433,396628,-1
14:27:09,9.17,8,7336,1
14:27:06,9.17,15,13755,1
14:27:03,9.17,7,6419,1
14:27:00,9.16,48,43968,-1
14:26:51,9.17,18,16506,1
14:26:48,9.17,30,27510,1
14:26:45,9.17,1,917,1
14:26:36,9.16,12,10992,-1
14:26:33,9.17,10,9170,1
14:26:30,9.17,5,4585,1
14:26:27,9.16,51,46716,-1
14:26:24,9.17,100,91700,1
14:26:09,9.16,104,95264,1
14:26:06,9.16,1,916,1
14:26:00,9.16,1,916,1
14:25:54,9.17,279,255843,1
14:25:45,9.16,857,785012,1
14:25:42,9.15,15,13725,-1
14:25:36,9.16,50,45800,1
14:25:27,9.16,3,2748,1
14:25:21,9.15,2,1830,-1
14:25:18,9.16,90,82440,1
14:25:15,9.16,8,7328,1
14:25:06,9.15,5,4575,-1
14:25:03,9.16,8,7328,1
14:25:00,9.16,80,73280,1
14:24:57,9.15,10,9150,1
14:24:54,9.15,10,9150,0
14:24:45,9.16,30,27480,1
14:24:42,9.15,20,18300,1
14:24:36,9.15,12,10980,-1
14:24:30,9.16,20,18320,1
14:24:27,9.15,387,354105,-1
14:24:24,9.15,5,4575,-1
14:24:21,9.15,50,45750,-1
14:24:15,9.16,60,54960,1
14:24:06,9.15,10,9150,-1
14:24:03,9.15,50,45750,-1
14:23:57,9.15,120,109800,1
14:23:54,9.15,20,18300,1
14:23:51,9.15,2,1830,1
14:23:48,9.15,79,72285,1
14:23:39,9.15,93,85095,1
14:23:36,9.14,6,5484,-1
14:23:27,9.15,50,45750,1
14:23:09,9.15,128,117120,1
14:23:06,9.15,5,4575,1
14:23:00,9.15,3,2745,1
14:22:54,9.15,13,11895,1
14:22:51,9.15,76,69540,1
14:22:48,9.15,104,95590,-1
14:22:45,9.16,21,19236,1
14:22:42,9.16,25,22900,1
14:22:30,9.15,78,71370,-1
14:22:24,9.15,255,233809,1
14:22:15,9.14,1,914,-1
14:22:12,9.14,10,9140,-1
14:22:06,9.15,28,25620,1
14:21:51,9.14,4,3656,0
14:21:36,9.15,1011,925065,1
14:21:33,9.14,12,10968,1
14:21:30,9.14,182,166348,1
14:21:24,9.14,27,24678,1
14:21:21,9.14,433,395762,1
14:21:15,9.14,81,74034,1
14:21:12,9.14,83,75862,-1
14:20:57,9.15,7,6405,1
14:20:48,9.14,5,4570,1
14:20:42,9.14,2,1828,1
14:20:18,9.14,3,2742,1
14:20:12,9.13,154,140602,-1
14:20:09,9.14,86,78604,1
14:20:06,9.13,50,45650,-1
14:20:03,9.13,4,3652,-1
14:20:00,9.13,142,129646,-1
14:19:57,9.13,234,214354,1
14:19:54,9.13,23,20999,1
14:19:48,9.13,292,266796,-1
14:19:42,9.13,4,3652,-1
14:19:30,9.14,20,18280,1
14:19:27,9.13,60,54780,-1
14:19:24,9.14,70,63980,1
14:19:15,9.14,2,1828,1
14:19:06,9.13,4,3652,-1
14:18:54,9.14,10,9140,1
14:18:48,9.13,23,20999,-1
14:18:39,9.13,54,49302,-1
14:18:30,9.13,232,212528,1
14:18:24,9.13,5,4565,1
14:18:21,9.13,9,8217,1
14:18:12,9.12,10,9120,-1
14:18:09,9.13,43,39259,1
14:18:06,9.13,40,36520,1
14:18:03,9.13,3,2739,1
14:17:57,9.12,25,22799,-1
14:17:54,9.12,36,33370,-1
14:17:51,9.13,32,29216,1
14:17:48,9.13,64,58432,1
14:17:42,9.13,6,5478,1
14:17:39,9.13,2,1826,1
14:17:36,9.12,133,121295,-1
14:17:33,9.13,42,38346,1
14:17:27,9.13,57,52041,1
14:17:24,9.12,47,42863,-1
14:17:21,9.13,73,66649,1
14:17:12,9.12,35,31919,-1
14:17:06,9.13,3,2739,1
14:17:03,9.12,79,72048,-1
14:17:00,9.12,16,14591,-1
14:16:54,9.12,56,51071,-1
14:16:39,9.13,50,45650,1
14:16:30,9.13,83,75779,1
14:16:27,9.12,470,428639,-1
14:16:24,9.13,2,1826,1
14:16:15,9.13,6,5478,1
14:16:12,9.13,15,13695,1
14:16:06,9.13,7,6391,1
14:16:00,9.13,15,13695,1
14:15:57,9.13,209,191017,-1
14:15:54,9.13,45,41085,-1
14:15:45,9.14,3,2742,1
14:15:33,9.13,181,165965,1
14:15:30,9.13,10,9130,1
14:15:24,9.13,10,9130,1
14:15:21,9.13,69,63197,-1
14:15:18,9.13,5,4565,-1
14:15:03,9.13,14,12782,-1
14:14:57,9.13,11,10043,-1
14:14:54,9.13,28,26276,1
14:14:51,9.13,4,3652,1
14:14:45,9.13,6,5478,1
14:14:42,9.13,10,9130,1
14:14:39,9.13,30,27390,1
14:14:33,9.13,224,204712,-1
14:14:27,9.15,1,915,1
14:14:24,9.15,10,9150,1
14:14:21,9.13,1,913,-1
14:14:09,9.15,172,157380,1
14:13:54,9.15,58,53783,1
14:13:45,9.13,4,3652,1
14:13:39,9.13,114,104082,1
14:13:36,9.13,10,9130,1
14:13:33,9.13,1,913,1
14:13:24,9.13,165,150845,-1
14:13:21,9.14,319,292278,1
14:13:12,9.14,7,6398,1
14:13:09,9.13,23,20999,1
14:13:06,9.13,20,18260,1
14:13:00,9.13,123,112299,1
14:12:57,9.13,10,9130,1
14:12:36,9.13,36,32868,1
14:12:30,9.13,20,18260,1
14:12:27,9.12,4,3647,-1
14:12:24,9.13,531,484803,-1
14:12:21,9.13,23,20999,-1
14:12:15,9.14,3,2742,1
14:12:12,9.13,6,5478,-1
14:12:09,9.13,10,9130,-1
14:11:57,9.14,7,6928,1
14:11:51,9.13,31,28303,1
14:11:45,9.13,3,2739,1
14:11:42,9.13,1,913,1
14:11:39,9.13,17,15521,1
14:11:36,9.12,293,267599,-1
14:11:30,9.13,11,10061,1
14:11:21,9.12,2,1823,-1
14:11:09,9.14,13,11882,1
14:11:06,9.13,76,69388,-1
14:10:54,9.13,137,125081,1
14:10:51,9.12,6,5471,-1
14:10:48,9.13,50,45650,1
14:10:39,9.12,130,118559,-1
14:10:36,9.13,40,36520,1
14:10:30,9.13,60,54780,1
14:10:24,9.13,3,2739,1
14:10:21,9.12,1,911,-1
14:10:15,9.13,10,9130,1
14:10:12,9.13,75,68475,1
14:10:03,9.13,20,18260,1
14:09:48,9.12,104,95358,-1
14:09:45,9.12,24,21887,1
14:09:42,9.12,21,19152,1
14:09:39,9.11,110,100210,-1
14:09:33,9.11,10,9110,-1
14:09:12,9.12,33,30095,1
14:09:09,9.12,1272,1160064,0
14:09:06,9.13,23,20999,1
14:09:03,9.13,199,181687,1
14:09:00,9.12,121,110351,0
14:08:51,9.13,1,913,1
14:08:48,9.13,27,24651,1
14:08:45,9.11,10,9110,-1
14:08:42,9.13,5,4565,1
14:08:39,9.13,1,913,1
14:08:30,9.13,140,127820,1
14:08:27,9.1,2,1820,-1
14:08:24,9.13,281,256553,1
14:08:21,9.11,22,20042,1
14:08:18,9.11,3,2733,1
14:08:15,9.11,58,52838,-1
14:08:12,9.11,64,58304,-1
14:08:06,9.11,40,36440,1
14:08:03,9.1,22,20020,-1
14:07:57,9.11,9,8199,1
14:07:54,9.11,9,8199,1
14:07:48,9.1,24,21840,-1
14:07:42,9.1,4,3640,-1
14:07:30,9.1,110,100100,-1
14:07:27,9.1,59,53690,-1
14:07:24,9.11,10,9110,1
14:07:18,9.11,772,703346,-1
14:07:15,9.11,463,421793,-1
14:07:12,9.11,7,6377,-1
14:07:09,9.11,61,55571,-1
14:07:06,9.11,245,223195,-1
14:07:00,9.11,100,91100,-1
14:06:51,9.11,20,18220,-1
14:06:45,9.11,1,911,-1
14:06:39,9.12,10,9120,1
14:06:36,9.11,1,911,-1
14:06:33,9.12,3,2735,1
14:06:24,9.11,80,72880,-1
14:06:21,9.12,17,15503,-1
14:06:18,9.12,177,161424,-1
14:06:15,9.12,15,13679,-1
14:06:03,9.12,30,27359,-1
14:06:00,9.12,12,10943,-1
14:05:54,9.12,14,12767,-1
14:05:48,9.12,153,139536,-1
14:05:45,9.12,65,59279,-1
14:05:39,9.12,2,1823,-1
14:05:18,9.13,297,271161,1
14:05:06,9.13,1,913,1
14:05:03,9.12,4,3647,-1
14:05:00,9.13,2,1826,-1
14:04:57,9.13,98,89474,0
14:04:45,9.12,64,58367,-1
14:04:33,9.14,125,114250,1
14:04:24,9.13,136,124168,-1
14:04:21,9.13,100,91300,-1
14:04:18,9.13,10,9130,-1
14:04:12,9.14,3,2742,1
14:04:09,9.13,20,18260,-1
14:04:00,9.13,20,18260,-1
14:03:51,9.14,20,18280,1
14:03:39,9.14,60,54840,1
14:03:36,9.13,7,6391,-1
14:03:24,9.14,7,6398,1
14:03:09,9.14,127,116078,1
14:03:03,9.13,26,23738,-1
14:02:57,9.13,379,346027,-1
14:02:42,9.13,13,11869,-1
14:02:39,9.14,20,18280,1
14:02:36,9.13,202,184426,-1
14:02:24,9.13,4,3652,-1
14:02:21,9.14,43,39302,1
14:02:18,9.14,118,107852,1
14:02:12,9.13,65,59345,-1
14:02:09,9.14,9,8226,1
14:02:06,9.14,10,9140,1
14:02:03,9.14,70,63980,1
14:02:00,9.13,95,86735,-1
14:01:48,9.14,3,2742,1
14:01:39,9.14,1,914,1
14:01:33,9.14,76,69464,1
14:01:30,9.13,29,26477,-1
14:01:27,9.14,5,4570,1
14:01:24,9.13,100,91300,1
14:01:21,9.13,19,17347,1
14:01:18,9.12,109,99407,-1
14:01:15,9.13,35,31955,-1
14:01:12,9.13,23,20999,1
14:01:06,9.13,285,260205,1
14:01:03,9.13,165,150645,1
14:01:00,9.13,5,4565,1
14:00:57,9.13,7,6391,1
14:00:54,9.13,10,9130,1
14:00:51,9.13,21,19173,1
14:00:48,9.12,30,27359,-1
14:00:45,9.13,40,36520,1
14:00:42,9.13,20,18260,1
14:00:39,9.12,10,9120,-1
14:00:33,9.12,10,9120,-1
14:00:27,9.13,10,9130,1
14:00:24,9.13,261,238293,-1
14:00:21,9.14,10,9140,1
14:00:15,9.13,55,50215,-1
14:00:12,9.14,8,7312,1
14:00:03,9.13,3,2739,-1
13:59:57,9.13,101,92213,0
13:59:54,9.14,197,180058,1
13:59:48,9.13,17,15521,1
13:59:39,9.13,20,18260,1
13:59:36,9.13,10,9130,1
13:59:33,9.13,53,48389,1
13:59:27,9.13,3,2739,1
13:59:24,9.13,7,6391,1
13:59:18,9.13,10,9130,1
13:59:15,9.13,50,45650,1
13:59:09,9.12,52,47423,-1
13:59:06,9.14,10,9140,1
13:59:00,9.14,10,9140,1
13:58:51,9.12,20,18240,-1
13:58:48,9.12,10,9120,-1
13:58:36,9.14,247,225758,1
13:58:33,9.12,120,109439,1
13:58:30,9.12,5,4560,1
13:58:21,9.12,10,9120,1
13:58:18,9.12,48,43775,1
13:58:15,9.12,9,8208,1
13:58:12,9.12,12,10943,1
13:58:06,9.12,6,5471,1
13:58:00,9.11,25,22775,-1
13:57:57,9.11,180,164836,1
13:57:51,9.11,5,4555,1
13:57:48,9.11,124,113018,-1
13:57:39,9.11,19,17309,-1
13:57:33,9.11,68,61947,-1
13:57:24,9.11,56,51016,-1
13:57:21,9.11,1,911,-1
13:57:15,9.12,3,2735,1
13:57:09,9.11,20,18220,-1
13:57:06,9.12,81,73872,1
13:57:03,9.12,3,2735,1
13:57:00,9.11,100,91100,-1
13:56:54,9.11,10,9110,-1
13:56:51,9.12,19,17328,1
13:56:42,9.12,395,361097,1
13:56:39,9.11,54,49194,1
13:56:21,9.11,192,174912,1
13:56:09,9.11,25,22775,1
13:56:06,9.11,15,13665,1
13:56:03,9.11,13,11843,1
13:56:00,9.1,141,128310,-1
13:55:57,9.1,70,63700,-1
13:55:54,9.11,20,18220,1
13:55:42,9.11,20,18220,1
13:55:39,9.1,16,14560,-1
13:55:36,9.11,15,13665,1
13:55:30,9.11,4,3644,1
13:55:27,9.11,228,207708,-1
13:55:24,9.11,35,31884,-1
13:55:21,9.12,3,2735,1
13:55:18,9.11,119,108409,-1
13:55:15,9.11,20,18220,-1
13:55:12,9.11,10,9110,-1
13:55:06,9.11,11,10021,-1
13:55:00,9.11,32,29152,1
13:54:57,9.11,64,58304,1
13:54:48,9.1,28,25480,-1
13:54:36,9.11,11,10021,-1
13:54:30,9.12,84,76608,1
13:54:24,9.12,77,70224,1
13:54:12,9.12,58,52895,1
13:54:09,9.1,230,209300,-1
13:54:06,9.1,427,388570,-1
13:53:57,9.12,48,43775,1
13:53:42,9.11,13,11843,-1
13:53:39,9.12,61,56461,1
13:53:36,9.11,44,40084,1
13:53:30,9.11,10,9110,1
13:53:27,9.1,20,18200,-1
13:53:21,9.11,201,183111,1
13:53:15,9.11,17,15486,1
13:53:12,9.11,5,4555,1
13:53:06,9.11,97,88367,1
13:53:03,9.11,205,186755,1
13:53:00,9.11,30,27330,1
13:52:54,9.11,50,45550,1
13:52:51,9.1,52,47320,-1
13:52:48,9.11,439,400010,-1
13:52:45,9.12,100,91199,1
13:52:39,9.12,3,2735,1
13:52:27,9.11,56,51016,-1
13:52:24,9.12,53,48335,1
13:52:15,9.12,105,95759,1
13:52:12,9.11,10,9110,-1
13:52:06,9.11,46,41906,-1
13:51:57,9.11,30,27330,-1
13:51:51,9.11,43,39173,-1
13:51:48,9.11,363,330693,-1
13:51:39,9.12,249,227087,1
13:51:36,9.11,65,59214,-1
13:51:30,9.11,1,911,-1
13:51:27,9.11,4,3644,-1
13:51:15,9.11,37,33707,-1
13:51:09,9.11,7,6377,-1
13:51:03,9.11,34,31803,1
13:51:00,9.11,22,20042,1
13:50:57,9.11,162,147582,1
13:50:54,9.1,7,6370,-1
13:50:51,9.11,10,9110,1
13:50:48,9.11,10,9110,1
13:50:45,9.11,9,8199,1
13:50:42,9.11,50,45550,-1
13:50:39,9.11,22,20042,1
13:50:36,9.11,2,1822,-1
13:50:30,9.1,147,133770,-1
13:50:27,9.11,16,14576,1
13:50:21,9.11,20,18220,1
13:50:18,9.11,22,20042,1
13:50:15,9.1,10,9100,-1
13:50:12,9.11,38,34618,1
13:50:09,9.1,339,308490,-1
13:50:06,9.11,2,1822,1
13:50:03,9.11,22,20042,1
13:50:00,9.11,449,409039,1
13:49:51,9.11,27,24597,1
13:49:48,9.1,24,21840,-1
13:49:42,9.11,11,10021,1
13:49:39,9.11,34,30973,1
13:49:36,9.11,235,214085,-1
13:49:33,9.11,170,154870,-1
13:49:27,9.11,50,45550,-1
13:49:24,9.11,607,552977,-1
13:49:21,9.11,10,9110,-1
13:49:18,9.12,15,13679,1
13:49:15,9.11,29,26419,-1
13:49:12,9.11,6,5466,-1
13:49:06,9.11,267,243236,-1
13:48:57,9.11,65,59214,-1
13:48:54,9.12,5,4560,1
13:48:51,9.12,6,5471,1
13:48:42,9.12,3,2735,1
13:48:36,9.11,44,40084,-1
13:48:33,9.11,25,22775,-1
13:48:15,9.11,302,275122,-1
13:48:12,9.13,70,63910,1
13:48:09,9.12,5,4560,1
13:48:06,9.12,30,27359,1
13:48:03,9.12,3,2735,1
13:47:57,9.12,5,4560,0
13:47:54,9.13,577,526801,1
13:47:48,9.13,3,2739,1
13:47:45,9.12,43,39216,-1
13:47:42,9.12,35,31919,-1
13:47:33,9.12,179,163248,-1
13:47:24,9.12,58,52895,1
13:47:15,9.11,210,191310,-1
13:47:06,9.12,3,2735,0
13:47:00,9.11,135,122984,-1
13:46:57,9.12,9,8208,1
13:46:54,9.12,16,14591,1
13:46:51,9.12,10,9120,0
13:46:45,9.13,280,255640,1
13:46:39,9.12,100,91199,1
13:46:36,9.12,749,683279,-1
13:46:33,9.12,30,27359,-1
13:46:30,9.13,30,27390,1
13:46:24,9.13,25,22825,1
13:46:21,9.13,146,133307,-1
13:46:06,9.13,3,3642,-1
13:45:57,9.13,1,913,-1
13:45:54,9.13,44,40172,-1
13:45:48,9.14,3,2742,1
13:45:45,9.13,100,91300,-1
13:45:21,9.13,131,119603,-1
13:45:18,9.14,200,182800,1
13:45:12,9.14,1233,1127866,1
13:44:57,9.13,15,13695,-1
13:44:54,9.14,50,45700,1
13:44:48,9.13,10,9130,-1
13:44:42,9.14,3,2742,1
13:44:39,9.13,114,104082,-1
13:44:36,9.14,1,914,1
13:44:30,9.14,4,3656,1
13:44:21,9.13,40,36520,-1
13:44:18,9.14,1,914,1
13:44:06,9.13,4,3652,-1
13:44:00,9.13,15,13695,-1
13:43:57,9.14,5,4570,1
13:43:54,9.13,100,91300,-1
13:43:51,9.14,4,3656,1
13:43:48,9.13,19,17347,-1
13:43:42,9.14,10,9140,1
13:43:39,9.14,47,42958,1
13:43:30,9.14,1,914,1
13:43:21,9.13,2,1826,1
13:43:18,9.13,10,9130,1
13:43:06,9.14,5,4570,1
13:43:00,9.12,100,91199,-1
13:42:57,9.13,7,6391,-1
13:42:51,9.14,13,11882,1
13:42:45,9.14,25,22850,1
13:42:39,9.14,3,2742,1
13:42:36,9.14,467,427742,1
13:42:33,9.14,12,10968,1
13:42:27,9.14,25,22850,1
13:42:21,9.14,20,18280,1
13:42:18,9.13,45,41085,-1
13:42:12,9.14,30,27420,1
13:42:03,9.14,79,72206,1
13:42:00,9.14,20,18280,1
13:41:45,9.14,18,16452,1
13:41:42,9.14,5,4570,1
13:41:33,9.14,85,77690,1
13:41:30,9.14,4,3656,1
13:41:24,9.14,12,10968,1
13:41:21,9.14,18,16452,1
13:41:15,9.13,17,15521,-1
13:41:12,9.14,5,4570,1
13:41:09,9.13,20,18260,-1
13:41:03,9.14,2,1828,1
13:41:00,9.13,10,9130,-1
13:40:57,9.14,35,31990,-1
13:40:54,9.14,60,54840,-1
13:40:51,9.14,137,125218,1
13:40:42,9.14,54,49356,-1
13:40:39,9.14,109,99626,-1
13:40:36,9.14,24,21936,-1
13:40:30,9.13,4,3652,1
13:40:27,9.13,25,22825,1
13:40:24,9.13,7,6391,0
13:40:21,9.12,500,455999,-1
13:40:18,9.14,76,69464,1
13:40:15,9.14,87,79518,1
13:40:09,9.13,36,32868,-1
13:40:06,9.13,281,257292,1
13:40:03,9.12,3,2735,-1
13:40:00,9.13,11,10043,1
13:39:57,9.13,21,19173,1
13:39:54,9.12,49,44687,-1
13:39:51,9.12,1,911,-1
13:39:48,9.13,29,26477,1
13:39:42,9.13,48,43824,1
13:39:39,9.12,123,112175,-1
13:39:36,9.12,509,464207,-1
13:39:33,9.13,5,4565,1
13:39:27,9.13,2,1826,1
13:39:24,9.13,6,5478,1
13:39:21,9.13,30,27390,1
13:39:18,9.13,18,16434,1
13:39:15,9.13,14,12782,1
13:39:12,9.13,35,31955,1
13:39:09,9.13,10,9130,1
13:39:06,9.12,15,13679,-1
13:39:03,9.13,50,45650,1
13:39:00,9.13,10,9130,1
13:38:57,9.13,79,72127,1
13:38:54,9.12,124,113252,-1
13:38:48,9.13,1,913,-1
13:38:45,9.13,506,462726,1
13:38:42,9.13,12,10956,1
13:38:39,9.13,10,9130,1
13:38:36,9.13,5,4565,1
13:38:33,9.13,40,36520,1
13:38:30,9.13,80,73040,1
13:38:27,9.13,450,411014,-1
13:38:24,9.13,22,20086,-1
13:38:12,9.14,121,110594,1
13:38:06,9.14,82,74948,1
13:38:00,9.14,23,21022,1
13:37:45,9.14,3,2742,1
13:37:42,9.14,20,18280,1
13:37:39,9.13,300,273900,-1
13:37:33,9.14,5,4570,1
13:37:24,9.14,5,4570,1
13:37:21,9.14,5,4570,-1
13:37:18,9.15,5,4575,1
13:37:15,9.15,48,43920,1
13:37:12,9.13,300,273900,-1
13:37:09,9.14,3,2742,-1
13:37:06,9.14,44,40965,1
13:37:03,9.14,37,33818,1
13:37:00,9.14,72,65808,1
13:36:54,9.14,481,439634,1
13:36:51,9.13,55,50215,1
13:36:45,9.13,9,8217,1
13:36:42,9.13,51,46563,1
13:36:39,9.13,52,47476,1
13:36:36,9.13,279,254727,1
13:36:33,9.13,40,36520,1
13:36:30,9.13,257,234641,-1
13:36:18,9.13,48,43824,-1
13:36:12,9.13,8,7304,-1
13:36:09,9.13,18,16434,-1
13:36:03,9.13,68,62084,-1
13:36:00,9.13,146,133298,-1
13:35:57,9.14,2,1828,1
13:35:54,9.14,33,30162,1
13:35:51,9.13,1157,1056341,-1
13:35:48,9.14,388,354796,-1
13:35:45,9.14,83,75862,-1
13:35:42,9.14,1,914,-1
13:35:39,9.14,58,53012,-1
13:35:36,9.14,34,31076,-1
13:35:30,9.14,90,82260,-1
13:35:24,9.14,47,42958,-1
13:35:21,9.15,9,8235,1
13:35:18,9.14,3,2742,-1
13:35:15,9.15,9,8235,1
13:35:12,9.14,400,365600,-1
13:35:09,9.15,12,10980,1
13:35:00,9.15,54,49410,1
13:34:51,9.15,3,2745,1
13:34:48,9.15,65,59475,1
13:34:39,9.15,100,91500,-1
13:34:33,9.16,20,18320,1
13:34:30,9.16,10,9160,1
13:34:27,9.16,19,17404,1
13:34:21,9.16,108,98928,1
13:34:09,9.16,77,70532,1
13:34:06,9.16,55,50380,-1
13:34:03,9.17,12,11004,1
13:34:00,9.16,47,43052,-1
13:33:54,9.16,20,18320,-1
13:33:48,9.16,11,10076,-1
13:33:45,9.16,1,916,-1
13:33:42,9.16,407,372812,1
13:33:39,9.16,3,2748,1
13:33:36,9.16,50,45800,1
13:33:33,9.15,400,366000,-1
13:33:24,9.15,100,91500,-1
13:33:18,9.16,65,59540,1
13:33:12,9.15,318,290970,1
13:33:09,9.15,5,4575,1
13:33:00,9.15,12,10980,1
13:32:57,9.15,15,13725,1
13:32:54,9.14,62,56668,-1
13:32:51,9.14,912,833568,-1
13:32:48,9.14,8,7312,-1
13:32:45,9.14,11,10054,-1
13:32:42,9.15,10,9150,1
13:32:39,9.14,1,914,-1
13:32:36,9.15,3,2745,1
13:32:27,9.14,98,89572,-1
13:32:21,9.15,105,96075,1
13:32:18,9.15,1,915,1
13:32:12,9.15,54,49410,1
13:32:03,9.15,3,2745,1
13:31:54,9.15,2,1830,1
13:31:51,9.15,3,2745,1
13:31:48,9.15,44,40260,1
13:31:39,9.15,26,23790,1
13:31:36,9.15,581,531615,-1
13:31:30,9.16,100,91600,1
13:31:21,9.16,20,18320,1
13:31:15,9.16,35,32060,-1
13:30:51,9.16,28,25648,-1
13:30:48,9.16,41,37556,1
13:30:33,9.16,60,54960,-1
13:30:27,9.16,60,54960,-1
13:30:24,9.16,5,4580,-1
13:30:15,9.16,83,76028,1
13:30:12,9.15,1110,1015650,-1
13:30:09,9.16,5,4580,1
13:30:03,9.16,50,45800,1
13:30:00,9.16,20,18320,1
13:29:54,9.16,12,10992,1
13:29:51,9.16,13,11908,1
13:29:48,9.16,21,19236,1
13:29:45,9.16,1,916,1
13:29:42,9.16,437,400292,-1
13:29:33,9.16,20,18320,-1
13:29:21,9.16,11,10076,-1
13:29:03,9.16,65,59540,-1
13:28:57,9.17,60,55020,-1
13:28:51,9.18,3,2754,1
13:28:45,9.17,2,1834,-1
13:28:36,9.17,11,10087,-1
13:28:27,9.17,41,37597,-1
13:28:24,9.17,2,1834,-1
13:28:15,9.16,600,549600,-1
13:28:12,9.18,25,22950,1
13:28:09,9.17,20,18340,0
13:27:54,9.18,11,10098,1
13:27:48,9.16,10,9160,-1
13:27:45,9.17,1,917,0
13:27:42,9.18,3,2754,1
13:27:33,9.16,8,7328,-1
13:27:24,9.16,227,207932,-1
13:27:21,9.17,34,31178,-1
13:27:18,9.17,30,27510,1
13:27:12,9.17,68,62356,1
13:27:00,9.17,199,182483,1
13:26:54,9.17,2,1834,1
13:26:51,9.16,95,87020,-1
13:26:45,9.17,21,19257,1
13:26:39,9.17,10,9170,1
13:26:33,9.17,4,3668,-1
13:26:18,9.17,1,917,0
13:26:09,9.16,265,242740,-1
13:26:06,9.17,10,9170,1
13:26:03,9.17,881,807877,-1
13:26:00,9.18,30,27540,1
13:25:57,9.18,6,5508,1
13:25:51,9.18,79,72522,1
13:25:48,9.18,67,61506,1
13:25:33,9.18,68,62424,1
13:25:30,9.18,1,918,1
13:25:27,9.17,20,18340,-1
13:25:15,9.17,21,19257,-1
13:25:12,9.17,35,32095,-1
13:25:09,9.17,9,8253,1
13:25:03,9.16,13,11908,-1
13:25:00,9.16,600,549600,-1
13:24:57,9.17,10,9170,-1
13:24:54,9.17,156,143052,1
13:24:45,9.17,61,55937,1
13:24:42,9.16,11,10076,-1
13:24:33,9.16,122,111752,-1
13:24:27,9.17,15,13755,1
13:24:18,9.17,1,917,1
13:24:15,9.17,68,62356,1
13:23:57,9.17,1,917,1
13:23:42,9.16,8,7328,-1
13:23:39,9.17,20,18340,1
13:23:36,9.16,15,13740,-1
13:23:30,9.17,3,2751,1
13:23:27,9.16,6,5496,-1
13:23:21,9.16,150,137400,-1
13:23:18,9.17,5,4585,1
13:23:15,9.17,10,9170,1
13:23:12,9.17,17,15589,1
13:23:09,9.16,41,37556,-1
13:22:54,9.17,10,9170,1
13:22:48,9.17,78,71526,1
13:22:45,9.16,3,2748,-1
13:22:42,9.15,266,244286,1
13:22:39,9.15,196,179340,1
13:22:36,9.15,1117,1022073,-1
13:22:33,9.17,6,5502,1
13:22:27,9.17,2,1834,1
13:22:21,9.17,1,917,1
13:22:18,9.17,1,917,-1
13:22:15,9.17,99,90783,1
13:22:12,9.17,3,2751,1
13:22:03,9.17,1,917,1
13:21:57,9.16,2,1832,-1
13:21:51,9.17,1,917,-1
13:21:48,9.17,25,22925,-1
13:21:42,9.17,6,5502,1
13:21:39,9.16,122,111752,-1
13:21:36,9.16,10,9160,-1
13:21:33,9.17,38,34846,1
13:21:18,9.17,68,62356,-1
13:21:09,9.17,30,27510,-1
13:21:06,9.17,32,29344,1
13:20:57,9.17,15,13755,1
13:20:54,9.16,1,916,-1
13:20:51,9.16,42,38472,1
13:20:48,9.16,20,18320,-1
13:20:42,9.17,3,2751,-1
13:20:39,9.16,130,119080,-1
13:20:36,9.17,4,3668,-1
13:20:33,9.17,2,1834,-1
13:20:24,9.17,109,99953,1
13:20:21,9.17,3,2751,1
13:20:18,9.16,500,458000,-1
13:20:15,9.17,53,48601,1
13:20:12,9.17,8,7336,1
13:20:09,9.17,3,2751,1
13:20:06,9.17,16,14672,1
13:20:00,9.16,5,4580,-1
13:19:48,9.17,13,11921,1
13:19:45,9.16,1,916,-1
13:19:42,9.17,56,51352,1
13:19:27,9.17,34,31178,1
13:19:24,9.17,8,7336,1
13:19:09,9.17,26,23842,1
13:19:03,9.16,43,39388,-1
13:18:51,9.16,9,8244,-1
13:18:45,9.16,1,916,-1
13:18:36,9.17,6,5502,1
13:18:30,9.16,10,9160,-1
13:18:27,9.17,30,27510,1
13:18:24,9.17,2,1834,1
13:18:18,9.17,1,917,1
13:18:15,9.17,5,4585,1
13:18:12,9.17,3,2751,1
13:18:09,9.17,39,35763,1
13:18:00,9.16,350,320600,-1
13:17:57,9.17,20,18340,1
13:17:51,9.17,30,27510,1
13:17:48,9.17,153,140301,1
13:17:45,9.17,15,13755,1
13:17:33,9.17,17,15589,1
13:17:30,9.17,100,91700,1
13:17:27,9.17,40,36680,1
13:17:09,9.17,9,8253,1
13:16:57,9.16,30,27480,-1
13:16:54,9.16,3,2748,-1
13:16:51,9.16,100,91600,-1
13:16:39,9.16,80,73280,-1
13:16:15,9.16,3,2748,-1
13:16:06,9.16,59,54044,-1
13:15:42,9.16,6,5496,-1
13:15:36,9.16,4,3664,-1
13:15:21,9.16,29,26564,-1
13:15:12,9.16,210,192360,-1
13:15:09,9.17,68,62356,1
13:15:06,9.17,38,34846,1
13:14:42,9.16,2,1832,-1
13:14:39,9.17,51,46767,1
13:14:36,9.17,16,14672,1
13:14:33,9.17,10,9170,1
13:14:27,9.17,33,30261,1
13:14:24,9.17,3,2751,1
13:14:09,9.17,10,9170,1
13:14:03,9.17,113,103621,-1
13:14:00,9.17,13,11921,-1
13:13:54,9.17,1,917,1
13:13:45,9.17,1,917,1
13:13:33,9.17,1,917,0
13:13:24,9.18,12,11016,1
13:13:21,9.18,270,247860,-1
13:13:18,9.18,15,13770,-1
13:13:15,9.18,1098,1007964,1
13:13:03,9.15,13,11895,-1
13:12:54,9.16,67,61372,1
13:12:45,9.16,13,11908,1
13:12:39,9.15,7,6405,-1
13:12:15,9.15,345,316571,1
13:12:12,9.15,3,2745,1
13:12:09,9.14,303,276942,-1
13:12:06,9.15,5,4575,1
13:11:51,9.15,2,1830,1
13:11:45,9.15,35,32025,1
13:11:36,9.15,3,2745,1
13:11:30,9.15,1,915,1
13:11:27,9.15,16,14640,-1
13:11:21,9.16,3,2748,1
13:11:06,9.14,10,9140,-1
13:10:48,9.14,119,108766,-1
13:10:42,9.16,55,50380,1
13:10:39,9.15,50,45750,1
13:10:30,9.14,2,1828,-1
13:10:27,9.15,2,1830,-1
13:10:21,9.16,1,916,1
13:10:18,9.16,2,1832,-1
13:10:15,9.16,1,916,0
13:10:09,9.17,50,45850,1
13:09:57,9.17,11,10087,1
13:09:51,9.14,1390,1270460,-1
13:09:42,9.16,5,4580,-1
13:09:39,9.16,2,1832,-1
13:09:27,9.16,33,31107,-1
13:09:24,9.17,3,2751,1
13:09:15,9.16,5,4580,-1
13:09:12,9.16,59,54044,1
13:09:03,9.16,3,2748,1
13:08:54,9.16,46,42136,1
13:08:51,9.16,1,916,1
13:08:36,9.15,2,1830,-1
13:08:33,9.15,27,24705,1
13:08:30,9.14,20,18280,-1
13:08:24,9.15,5,4575,0
13:08:21,9.16,2,1832,1
13:08:18,9.16,5,4580,1
13:08:15,9.15,694,635010,-1
13:08:09,9.16,32,29312,-1
13:07:54,9.16,90,82440,-1
13:07:51,9.17,2,1834,1
13:07:36,9.17,2,1834,1
13:07:30,9.16,7,6412,-1
13:07:27,9.16,105,96180,-1
13:07:09,9.17,3,2751,1
13:07:06,9.16,100,91600,-1
13:06:57,9.17,3,2751,1
13:06:54,9.16,22,20152,-1
13:06:48,9.17,15,13755,1
13:06:45,9.16,20,18320,-1
13:06:30,9.17,3,2751,1
13:06:15,9.16,10,9160,-1
13:06:06,9.16,10,9160,-1
13:06:03,9.17,82,75194,1
13:05:54,9.17,10,9170,1
13:05:36,9.16,2,1832,-1
13:05:21,9.16,13,11908,-1
13:05:18,9.16,6,5496,-1
13:05:15,9.16,42,38472,-1
13:05:06,9.16,20,18320,-1
13:05:03,9.17,100,91700,1
13:04:51,9.17,4,3668,1
13:04:42,9.17,6,5502,1
13:04:39,9.17,20,18340,1
13:04:36,9.16,20,18320,-1
13:04:18,9.17,50,45850,1
13:04:09,9.17,3,2751,1
13:04:00,9.17,54,49518,1
13:03:48,9.17,12,11022,-1
13:03:36,9.17,100,91700,-1
13:03:33,9.18,10,9180,1
13:03:27,9.18,3,2754,1
13:03:24,9.17,29,26593,-1
13:03:18,9.17,10,9170,-1
13:03:15,9.17,10,9170,-1
13:03:09,9.17,11,10087,-1
13:03:06,9.18,37,33966,1
13:03:00,9.18,31,28458,1
13:02:51,9.18,202,185436,1
13:02:33,9.17,6,5502,-1
13:02:30,9.18,20,18360,1
13:02:27,9.18,3,2754,1
13:02:24,9.18,20,18360,1
13:02:18,9.18,9,8262,1
13:02:15,9.18,3,2754,1
13:02:12,9.17,10,9170,-1
13:01:48,9.18,12,11016,1
13:01:45,9.18,2,1836,1
13:01:39,9.17,300,275100,-1
13:01:36,9.18,214,196452,1
13:01:30,9.18,45,41310,1
13:01:24,9.18,20,18360,1
13:01:21,9.18,20,18360,1
13:01:09,9.18,6,5508,1
13:01:03,9.18,5,4590,1
13:00:54,9.18,15,13770,1
13:00:51,9.18,14,12852,1
13:00:45,9.17,351,321867,-1
13:00:42,9.18,16,14688,1
13:00:39,9.17,4,3668,-1
13:00:36,9.17,1,917,-1
13:00:33,9.18,20,18360,1
13:00:27,9.18,5,4590,1
13:00:18,9.18,5,4590,1
13:00:15,9.17,22,20174,-1
13:00:12,9.17,9,8253,-1
13:00:09,9.17,79,73341,-1
13:00:06,9.17,452,414484,-1
13:00:03,9.17,45,41265,1
11:30:03,9.17,0,0,1
11:29:57,9.17,206,188902,-1
11:29:45,9.17,65,59605,-1
11:29:36,9.17,6,5502,-1
11:29:30,9.17,888,814296,-1
11:29:24,9.17,1,917,-1
11:29:18,9.18,11,10098,1
11:29:12,9.18,200,183600,1
11:29:03,9.18,22,20196,1
11:28:57,9.17,851,780367,1
11:28:54,9.16,35,32060,1
11:28:48,9.16,222,203352,1
11:28:30,9.16,1,916,1
11:28:24,9.16,240,219840,1
11:28:21,9.15,238,217770,-1
11:28:15,9.15,303,277245,-1
11:28:00,9.15,187,171105,1
11:27:45,9.15,3,2745,1
11:27:36,9.15,28,25620,1
11:27:33,9.14,66,60324,-1
11:27:27,9.14,5,4570,-1
11:27:03,9.14,270,246780,-1
11:27:00,9.15,15,13725,1
11:26:57,9.14,5,4570,-1
11:26:33,9.14,5,4570,-1
11:26:30,9.14,56,51970,1
11:26:27,9.13,100,91300,-1
11:26:24,9.14,5,4570,1
11:26:21,9.14,2,1828,1
11:26:18,9.14,10,9140,1
11:26:12,9.14,20,18280,1
11:26:03,9.14,4,3656,1
11:26:00,9.14,207,189325,-1
11:25:51,9.14,2,1828,-1
11:25:36,9.14,10,9140,-1
11:25:33,9.14,2,1828,-1
11:25:30,9.15,2,1830,1
11:25:27,9.14,9,8226,-1
11:25:21,9.15,9,9021,1
11:25:15,9.14,10,9140,1
11:25:03,9.14,148,135399,-1
11:24:57,9.14,9,8226,-1
11:24:45,9.14,35,31990,-1
11:24:39,9.14,10,9140,-1
11:24:36,9.14,10,9140,-1
11:24:33,9.14,31,29120,1
11:24:21,9.14,113,103282,1
11:24:15,9.14,7,6398,1
11:24:12,9.13,104,94952,-1
11:24:06,9.14,975,891277,-1
11:24:03,9.15,70,64050,0
11:23:57,9.14,2,1828,-1
11:23:51,9.16,7,6412,1
11:23:39,9.16,100,91600,1
11:23:27,9.15,1,915,0
11:23:21,9.15,4,3660,1
11:23:18,9.15,103,94245,1
11:23:15,9.14,373,341717,-1
11:23:12,9.15,236,215940,-1
11:23:00,9.16,227,207932,1
11:22:57,9.16,8,7328,1
11:22:54,9.16,5,4580,1
11:22:21,9.16,7,6412,1
11:22:18,9.15,90,82350,1
11:22:15,9.15,3,2745,1
11:22:12,9.15,133,121695,1
11:22:03,9.15,23,21045,1
11:21:57,9.14,8,7312,-1
11:21:54,9.15,5,4575,1
11:21:51,9.15,28,25620,1
11:21:42,9.15,20,18300,1
11:21:39,9.15,2,1830,1
11:21:36,9.15,151,138165,-1
11:21:33,9.15,11,10065,-1
11:21:30,9.16,23,21068,1
11:21:24,9.16,3,2748,1
11:21:21,9.15,8,7320,0
11:21:18,9.16,4,3664,1
11:20:54,9.15,1,915,0
11:20:42,9.14,102,93228,-1
11:20:33,9.14,33,30162,-1
11:20:21,9.15,300,274500,1
11:20:18,9.15,1,915,1
11:20:15,9.14,57,52098,-1
11:20:12,9.15,70,64050,1
11:20:09,9.15,52,47580,1
11:20:06,9.15,405,370575,-1
11:20:03,9.15,442,404430,-1
11:20:00,9.15,120,109800,-1
11:19:54,9.16,5,4580,1
11:19:51,9.15,54,49410,-1
11:19:36,9.16,5,4580,1
11:19:33,9.16,5,4580,1
11:19:30,9.15,6,5490,-1
11:19:27,9.16,20,18320,1
11:19:18,9.16,9,8244,1
11:19:12,9.15,10,9150,-1
11:19:09,9.15,10,9150,-1
11:19:03,9.15,20,18300,-1
11:19:00,9.15,80,73200,-1
11:18:48,9.16,592,542272,-1
11:18:33,9.16,48,43968,-1
11:18:27,9.16,46,42136,-1
11:18:21,9.17,26,23842,1
11:18:18,9.16,6,5496,-1
11:18:09,9.16,20,18320,-1
11:17:57,9.17,1,917,1
11:17:42,9.16,31,28396,1
11:17:36,9.16,5,4580,1
11:17:33,9.16,3,2748,1
11:17:30,9.16,10,9160,1
11:17:27,9.16,3,2748,1
11:17:24,9.15,36,32940,-1
11:17:18,9.16,14,12824,1
11:17:09,9.16,301,275716,-1
11:17:03,9.16,100,91600,-1
11:17:00,9.16,10,9160,-1
11:16:42,9.16,70,64120,-1
11:16:33,9.16,2,1832,-1
11:16:27,9.17,3,2751,1
11:16:24,9.17,3,2751,1
11:16:21,9.17,10,9170,1
11:16:15,9.17,137,125629,1
11:16:09,9.17,531,487834,-1
11:16:06,9.18,84,77112,1
11:16:03,9.17,30,27510,-1
11:15:57,9.18,5,4590,1
11:15:54,9.18,23,21114,1
11:15:51,9.18,51,46854,-1
11:15:48,9.19,175,160825,1
11:15:42,9.18,74,67932,-1
11:15:39,9.18,60,55080,-1
11:15:24,9.19,4,3676,1
11:15:21,9.18,22,20196,-1
11:15:18,9.19,4,3676,1
11:15:15,9.18,112,103715,-1
11:15:12,9.18,6,5508,-1
11:15:06,9.18,41,37638,-1
11:15:03,9.19,12,11028,1
11:14:51,9.19,61,56059,1
11:14:48,9.19,125,114875,1
11:14:45,9.18,68,62424,-1
11:14:42,9.19,50,45950,1
11:14:33,9.19,10,9190,1
11:14:30,9.18,10,9180,-1
11:14:21,9.19,3,2757,1
11:14:18,9.19,55,50545,1
11:14:09,9.19,124,113956,1
11:13:57,9.19,107,98333,1
11:13:54,9.19,600,551400,1
11:13:51,9.19,5,4595,1
11:13:48,9.18,165,151470,-1
11:13:45,9.18,12,11016,-1
11:13:42,9.18,131,120258,-1
11:13:36,9.18,81,75257,1
11:13:33,9.18,22,20196,1
11:13:30,9.17,1,917,-1
11:13:27,9.18,52,47736,1
11:13:24,9.18,44,40392,1
11:13:18,9.18,237,217566,1
11:13:15,9.18,14,12852,1
11:12:54,9.18,10,9180,1
11:12:51,9.18,9,8262,1
11:12:48,9.18,32,29376,1
11:12:42,9.18,1,918,1
11:12:39,9.18,202,185454,-1
11:12:33,9.19,100,91900,1
11:12:30,9.19,176,161744,1
11:12:27,9.19,14,12866,1
11:12:21,9.19,38,34922,0
11:12:18,9.2,71,65319,1
11:12:15,9.19,79,72601,1
11:12:12,9.19,5,4595,1
11:12:06,9.19,16,14704,-1
11:12:00,9.19,20,18380,-1
11:11:57,9.19,5,4595,-1
11:11:54,9.2,254,233679,1
11:11:51,9.2,5,4600,1
11:11:48,9.2,26,23919,1
11:11:45,9.2,6,5520,1
11:11:42,9.2,5,4600,1
11:11:39,9.2,60,55199,1
11:11:36,9.19,1,919,-1
11:11:33,9.19,1,919,-1
11:11:30,9.19,20,18380,-1
11:11:24,9.2,171,157320,1
11:11:21,9.19,868,797692,1
11:11:18,9.19,35,32165,1
11:11:15,9.18,102,93636,-1
11:11:06,9.19,15,13785,1
11:11:03,9.19,32,29408,1
11:11:00,9.19,4,3676,1
11:10:57,9.19,48,44112,1
11:10:54,9.18,10,9180,-1
11:10:48,9.18,59,54162,-1
11:10:36,9.19,7,6433,1
11:10:27,9.19,60,55140,1
11:10:21,9.18,43,39474,-1
11:10:18,9.19,747,687393,1
11:10:09,9.17,59,54112,1
11:10:00,9.17,49,44933,1
11:09:57,9.17,14,12838,1
11:09:54,9.16,6,5496,-1
11:09:51,9.17,19,17423,1
11:09:48,9.17,5,4585,1
11:09:45,9.17,30,27510,1
11:09:42,9.17,10,9170,1
11:09:39,9.17,344,316355,-1
11:09:30,9.18,3,2754,1
11:09:24,9.17,152,139384,-1
11:09:21,9.17,5,4585,-1
11:09:12,9.18,20,18360,1
11:09:06,9.18,2,1836,1
11:08:54,9.18,8,7344,1
11:08:48,9.17,8,7336,-1
11:08:36,9.17,1,917,-1
11:08:30,9.18,5,4590,1
11:08:27,9.17,25,22934,1
11:08:21,9.17,5,4585,1
11:08:18,9.17,6,5502,1
11:08:15,9.17,4,3668,1
11:08:09,9.17,14,13745,-1
11:08:06,9.17,100,91700,-1
11:08:00,9.17,5,4585,-1
11:07:57,9.17,81,74286,1
11:07:48,9.17,166,153129,-1
11:07:45,9.18,61,55998,1
11:07:39,9.17,43,39449,-1
11:07:30,9.18,6,5508,1
11:07:24,9.17,64,58688,-1
11:07:21,9.17,15,13755,-1
11:07:18,9.18,3,2754,1
11:07:06,9.17,47,44006,1
11:06:57,9.17,9,8253,1
11:06:54,9.17,75,68775,1
11:06:51,9.17,144,132057,-1
11:06:48,9.18,42,38556,1
11:06:42,9.18,103,95462,1
11:06:36,9.17,21,19257,-1
11:06:33,9.17,2,1834,-1
11:06:27,9.18,9,8262,1
11:06:21,9.18,49,44982,1
11:06:18,9.18,3,2754,1
11:06:15,9.18,10,9180,1
11:06:09,9.17,5,4585,-1
11:06:06,9.18,12,11016,1
11:06:03,9.18,7,6426,1
11:05:57,9.18,2,1836,1
11:05:48,9.18,10,9180,1
11:05:45,9.18,469,430542,1
11:05:39,9.18,1,918,1
11:05:36,9.18,8,7344,1
11:05:33,9.17,81,74277,-1
11:05:27,9.18,1,918,1
11:05:24,9.18,2,1836,1
11:05:21,9.17,23,21091,1
11:05:18,9.16,10,9160,-1
11:05:06,9.18,264,242352,1
11:04:54,9.17,204,187068,-1
11:04:51,9.18,15,13770,1
11:04:45,9.18,100,91800,1
11:04:39,9.18,10,9180,1
11:04:36,9.18,10,9180,1
11:04:27,9.18,5,4590,1
11:04:21,9.18,1,918,1
11:04:15,9.18,3,2754,1
11:04:12,9.18,20,18360,1
11:04:06,9.18,38,34884,1
11:04:03,9.18,18,16542,-1
11:03:54,9.19,62,56978,1
11:03:51,9.18,117,107406,-1
11:03:27,9.18,57,52326,-1
11:03:24,9.19,13,11947,1
11:03:21,9.18,6,5508,-1
11:03:18,9.18,1,918,-1
11:03:15,9.18,22,21095,1
11:03:12,9.18,100,91800,1
11:03:09,9.18,30,27540,1
11:03:06,9.18,31,28458,1
11:03:03,9.18,30,27540,1
11:03:00,9.18,836,767466,-1
11:02:54,9.19,30,27570,1
11:02:42,9.18,2,1836,-1
11:02:39,9.18,5,4590,-1
11:02:36,9.19,38,34922,1
11:02:33,9.18,40,36720,-1
11:02:30,9.18,27,24786,-1
11:02:27,9.18,30,27540,-1
11:02:18,9.18,43,39474,-1
11:02:15,9.18,20,18360,-1
11:02:12,9.18,10,9180,-1
11:02:03,9.19,6,5514,1
11:02:00,9.18,10,9180,-1
11:01:57,9.19,48,44112,1
11:01:54,9.19,4,3676,1
11:01:48,9.18,3,2754,-1
11:01:45,9.19,73,67087,1
11:01:30,9.19,30,27570,1
11:01:27,9.19,100,91900,1
11:01:24,9.18,36,33048,-1
11:01:21,9.2,113,104870,1
11:01:15,9.19,79,72601,1
11:01:09,9.19,500,459500,1
11:01:03,9.18,10,9180,-1
11:00:57,9.19,20,18380,1
11:00:51,9.18,224,206531,1
11:00:48,9.18,10,9180,1
11:00:45,9.18,50,45900,1
11:00:42,9.18,18,16524,1
11:00:36,9.17,15,13755,-1
11:00:33,9.17,5,4585,-1
11:00:30,9.18,23,21114,1
11:00:27,9.17,125,114625,-1
11:00:24,9.18,172,157896,1
11:00:21,9.18,40,36720,1
11:00:15,9.17,54,49518,-1
11:00:09,9.18,18,16524,1
11:00:03,9.18,1,918,1
10:59:54,9.17,878,805126,1
10:59:51,9.17,643,589631,1
10:59:42,9.17,100,91700,1
10:59:36,9.17,6,5502,1
10:59:33,9.16,20,18320,-1
10:59:27,9.17,4,3668,1
10:59:24,9.16,3,2748,-1
10:59:18,9.17,66,60522,1
10:59:12,9.17,20,18340,1
10:59:09,9.17,20,18340,1
10:59:06,9.16,115,105340,-1
10:59:03,9.17,24,22008,1
10:59:00,9.16,11,10076,-1
10:58:57,9.17,10,9170,1
10:58:54,9.16,4,3664,-1
10:58:51,9.17,4,3668,1
10:58:48,9.17,1,917,1
10:58:36,9.16,15,13740,-1
10:58:33,9.16,1,916,-1
10:58:30,9.16,140,128240,-1
10:58:24,9.17,4,3668,1
10:58:21,9.16,12,10992,-1
10:58:06,9.16,109,99844,-1
10:57:57,9.16,44,40304,-1
10:57:45,9.17,25,22925,1
10:57:42,9.17,7,6419,1
10:57:39,9.16,11,10076,-1
10:57:36,9.17,9,8253,1
10:57:33,9.16,18,16488,-1
10:57:30,9.16,1,916,-1
10:57:27,9.17,49,44933,1
10:57:24,9.17,10,9170,1
10:57:18,9.17,5,4585,1
10:57:15,9.17,23,21091,1
10:57:12,9.17,75,68775,-1
10:57:06,9.17,255,233835,-1
10:57:03,9.17,40,36680,-1
10:57:00,9.18,3,2754,1
10:56:57,9.18,8,7344,1
10:56:54,9.18,33,30294,1
10:56:51,9.18,11,10098,1
10:56:45,9.18,52,47736,1
10:56:42,9.18,888,815184,-1
10:56:39,9.19,164,150716,1
10:56:36,9.19,10,9190,1
10:56:33,9.18,465,426870,-1
10:56:30,9.19,543,499017,1
10:56:27,9.19,23,21137,1
10:56:24,9.19,9,8271,1
10:56:21,9.19,125,114875,1
10:56:18,9.18,25,22950,-1
10:56:15,9.19,467,429173,1
10:56:12,9.19,492,452148,1
10:56:03,9.19,235,215965,1
10:55:57,9.19,17,15623,1
10:55:54,9.19,26,23894,1
10:55:51,9.18,14,12852,-1
10:55:48,9.18,6,5508,-1
10:55:45,9.19,4,3676,1
10:55:42,9.18,12,11016,-1
10:55:39,9.19,22,20218,1
10:55:33,9.18,138,126684,-1
10:55:30,9.18,10,9180,-1
10:55:24,9.18,16,14688,-1
10:55:21,9.18,10,9180,-1
10:55:18,9.18,161,147798,1
10:55:15,9.18,5,4590,1
10:55:12,9.18,358,328644,1
10:55:09,9.18,22,20196,1
10:55:06,9.18,20,18360,1
10:55:03,9.18,10,9180,1
10:54:54,9.18,3,2754,1
10:54:51,9.18,75,68850,1
10:54:48,9.18,91,83538,1
10:54:45,9.18,26,23868,1
10:54:42,9.17,8,7336,-1
10:54:39,9.18,55,50490,1
10:54:36,9.18,30,27540,1
10:54:33,9.18,81,74358,1
10:54:30,9.17,20,18340,-1
10:54:27,9.18,18,16524,1
10:54:21,9.18,3,2754,-1
10:54:18,9.18,110,100980,-1
10:54:15,9.18,84,77112,-1
10:54:12,9.18,568,521424,-1
10:54:09,9.19,230,211370,1
10:54:06,9.19,711,653427,-1
10:54:03,9.19,268,246292,-1
10:54:00,9.2,8,7359,1
10:53:57,9.2,245,225399,1
10:53:54,9.2,50,46000,1
10:53:51,9.2,268,246559,1
10:53:48,9.2,503,462759,1
10:53:45,9.2,16,14719,1
10:53:42,9.2,11,10120,1
10:53:39,9.2,291,267729,-1
10:53:36,9.2,698,643070,1
10:53:33,9.2,171,157320,1
10:53:30,9.2,66,60719,1
10:53:27,9.2,142,130639,1
10:53:24,9.2,725,667000,1
10:53:21,9.2,201,184920,1
10:53:18,9.2,128,117759,1
10:53:15,9.2,34,31279,1
10:53:12,9.19,215,197585,-1
10:53:09,9.2,5,4600,1
10:53:06,9.19,158,145202,-1
10:53:03,9.19,17,15623,-1
10:53:00,9.19,354,326226,1
10:52:57,9.19,801,736119,1
10:52:54,9.18,50,45900,-1
10:52:51,9.18,30,27540,-1
10:52:45,9.18,270,248566,1
10:52:42,9.18,550,504900,1
10:52:39,9.18,30,27540,1
10:52:36,9.18,514,471852,1
10:52:30,9.18,42,38556,1
10:52:27,9.17,35,32095,-1
10:52:24,9.17,17,15589,-1
10:52:21,9.17,42,38514,-1
10:52:15,9.17,521,478609,1
10:52:12,9.17,66,60522,1
10:52:09,9.17,16,14672,1
10:52:06,9.17,116,106372,1
10:52:03,9.17,50,45850,1
10:52:00,9.17,32,29344,1
10:51:57,9.16,19,17404,-1
10:51:54,9.16,5,4580,-1
10:51:48,9.17,11,10087,1
10:51:42,9.17,3,2751,1
10:51:39,9.17,41,37597,1
10:51:36,9.16,23,21068,-1
10:51:33,9.17,48,44016,1
10:51:30,9.16,10,9160,-1
10:51:27,9.16,106,97096,-1
10:51:24,9.16,8,7328,-1
10:51:21,9.16,24,21984,-1
10:51:18,9.17,305,279685,1
10:51:15,9.17,12,11004,1
10:51:12,9.17,92,84364,1
10:51:09,9.16,1,916,-1
10:51:00,9.17,3,2751,1
10:50:54,9.16,100,91600,-1
10:50:51,9.16,1,916,-1
10:50:48,9.16,169,155701,1
10:50:45,9.16,30,27480,1
10:50:42,9.16,1,916,1
10:50:39,9.16,22,20152,1
10:50:36,9.16,133,121828,1
10:50:33,9.16,184,168544,1
10:50:30,9.16,10,9160,1
10:50:27,9.16,19,17404,1
10:50:24,9.16,20,18320,1
10:50:21,9.16,35,32060,1
10:50:18,9.16,21,19236,1
10:50:15,9.16,27,24732,1
10:50:12,9.16,21,19236,1
10:50:09,9.16,9,8244,1
10:50:06,9.16,8,7328,1
10:50:03,9.16,66,60456,1
10:50:00,9.16,43,39388,1
10:49:57,9.16,20,18320,1
10:49:51,9.16,105,96180,1
10:49:48,9.16,5,4580,1
10:49:45,9.16,44,40304,1
10:49:42,9.16,12,10992,1
10:49:36,9.16,13,11908,1
10:49:33,9.16,115,105340,1
10:49:30,9.16,7,6412,1
10:49:24,9.16,2,1832,1
10:49:18,9.16,1,916,1
10:49:15,9.15,106,96990,-1
10:49:12,9.16,1,916,1
10:49:09,9.15,10,9150,-1
10:49:06,9.15,115,105225,-1
10:49:03,9.16,64,58624,1
10:48:57,9.15,131,119865,-1
10:48:54,9.16,1,916,1
10:48:48,9.16,5,4580,1
10:48:42,9.16,6,5496,1
10:48:33,9.16,137,125492,1
10:48:24,9.16,126,115416,1
10:48:21,9.16,5,4580,1
10:48:15,9.16,9,9150,1
10:48:12,9.16,30,27480,1
10:48:03,9.16,26,23816,1
10:48:00,9.16,193,177694,1
10:47:57,9.15,66,60390,1
10:47:54,9.15,341,312015,1
10:47:51,9.15,500,457500,1
10:47:48,9.15,1,915,1
10:47:45,9.15,48,43920,1
10:47:36,9.14,126,115164,1
10:47:33,9.13,106,96778,-1
10:47:30,9.13,1,913,-1
10:47:27,9.13,1,913,-1
10:47:24,9.14,9,8226,1
10:47:18,9.14,105,95970,1
10:47:15,9.14,10,9140,1
10:47:00,9.14,3,2742,1
10:46:54,9.14,59,53926,1
10:46:51,9.14,49,44786,1
10:46:48,9.14,10,9140,1
10:46:42,9.14,1,914,1
10:46:36,9.14,5,4570,1
10:46:33,9.13,30,27390,-1
10:46:24,9.14,2,1828,1
10:46:15,9.14,1,914,1
10:46:12,9.13,200,182600,-1
10:46:09,9.14,12,10968,1
10:46:06,9.13,117,106821,-1
10:45:57,9.13,1,913,-1
10:45:54,9.13,15,13695,-1
10:45:48,9.13,65,59345,-1
10:45:45,9.14,1,914,1
10:45:39,9.14,50,45700,1
10:45:33,9.13,106,96778,-1
10:45:30,9.14,2,1828,1
10:45:27,9.13,70,63910,-1
10:45:09,9.14,7,6398,1
10:45:06,9.14,1,914,1
10:44:57,9.14,3,2742,1
10:44:48,9.13,115,104995,-1
10:44:42,9.14,1,914,1
10:44:33,9.13,1,913,-1
10:44:21,9.13,25,22825,-1
10:44:15,9.13,30,27390,-1
10:44:12,9.14,1,914,1
10:44:03,9.14,30,27420,1
10:43:57,9.14,18,16452,1
10:43:54,9.14,113,103282,1
10:43:51,9.14,3,2742,1
10:43:45,9.14,1,914,1
10:43:33,9.13,201,183513,-1
10:43:27,9.13,25,22825,-1
10:43:21,9.14,11,10054,1
10:43:15,9.14,1,914,1
10:43:12,9.14,135,123390,1
10:43:09,9.14,1,914,1
10:43:03,9.14,100,91400,1
10:43:00,9.13,43,39259,-1
10:42:57,9.14,50,45700,1
10:42:54,9.14,3,2742,1
10:42:51,9.14,60,54840,1
10:42:48,9.13,10,9130,-1
10:42:42,9.14,1,914,1
10:42:39,9.14,4,3656,1
10:42:36,9.14,218,200083,1
10:42:33,9.14,5,4570,1
10:42:30,9.14,50,45700,1
10:42:21,9.13,30,27390,-1
10:41:57,9.13,4,3652,-1
10:41:51,9.14,4,3656,1
10:41:48,9.13,3,2739,-1
10:41:36,9.13,130,119566,1
10:41:30,9.13,1,913,1
10:41:24,9.13,84,76692,1
10:41:21,9.13,18,16434,1
10:41:12,9.13,100,91300,1
10:41:06,9.13,14,12782,1
10:41:00,9.13,21,19173,1
10:40:57,9.12,27,24623,-1
10:40:39,9.13,11,10043,1
10:40:36,9.12,40,36480,-1
10:40:33,9.13,1,913,1
10:40:24,9.13,1,913,1
10:40:21,9.13,10,9130,1
10:40:18,9.13,18,16434,1
10:40:12,9.13,2,1826,1
10:40:06,9.13,107,97727,-1
10:39:54,9.14,1,914,1
10:39:51,9.13,10,9130,-1
10:39:48,9.14,3,2742,1
10:39:42,9.14,30,27420,1
10:39:39,9.13,0,876,-1
10:39:30,9.13,105,95865,-1
10:39:21,9.13,36,32868,1
10:39:15,9.12,48,43775,-1
10:39:12,9.13,100,91300,1
10:39:06,9.13,54,49302,1
10:38:57,9.13,1,913,1
10:38:42,9.12,6,5471,-1
10:38:30,9.13,2,1826,1
10:38:27,9.12,1,911,-1
10:38:18,9.13,1,913,1
10:38:15,9.12,20,18240,1
10:38:12,9.12,2,1823,1
10:38:06,9.12,258,235295,-1
10:37:57,9.13,4,3652,1
10:37:51,9.13,1,913,1
10:37:45,9.13,2,1826,1
10:37:39,9.12,79,72048,-1
10:37:30,9.12,256,233471,-1
10:37:27,9.14,1,914,1
10:37:24,9.13,59,53867,-1
10:37:03,9.14,5,4570,1
10:36:54,9.14,25,22850,1
10:36:51,9.14,1,914,1
10:36:48,9.13,20,18260,-1
10:36:42,9.13,100,91300,-1
10:36:36,9.12,25,22799,-1
10:36:30,9.13,11,10043,1
10:36:24,9.13,1,913,1
10:36:21,9.13,1,913,1
10:36:15,9.14,100,91400,1
10:36:06,9.13,95,86735,0
10:36:00,9.12,51,46511,-1
10:35:57,9.12,2,1823,-1
10:35:48,9.14,1,914,1
10:35:42,9.14,2,1828,1
10:35:39,9.14,1,914,1
10:35:33,9.14,3,2742,1
10:35:30,9.11,960,874560,-1
10:35:21,9.15,105,96075,1
10:35:15,9.14,20,18280,1
10:35:12,9.14,273,249522,1
10:35:06,9.14,26,23764,-1
10:35:03,9.14,10,9140,-1
10:35:00,9.14,2,1828,-1
10:34:57,9.14,10,9140,1
10:34:48,9.15,498,455670,1
10:34:39,9.13,26,23738,-1
10:34:36,9.14,100,91400,1
10:34:33,9.14,5,4570,1
10:34:30,9.14,393,359202,-1
10:34:24,9.15,10,9150,1
10:34:21,9.15,16,14640,1
10:34:12,9.15,81,74115,1
10:34:06,9.14,47,42958,-1
10:34:03,9.15,3,2745,1
10:34:00,9.15,253,231495,-1
10:33:54,9.16,20,18320,1
10:33:51,9.15,5,4575,-1
10:33:48,9.15,10,9150,-1
10:33:42,9.16,20,18320,1
10:33:36,9.15,45,41175,-1
10:33:33,9.16,38,34808,1
10:33:30,9.16,60,54960,1
10:33:27,9.15,2,1830,-1
10:33:24,9.15,10,9150,-1
10:33:21,9.15,6,5490,1
10:33:18,9.15,85,77775,-1
10:33:12,9.15,10,9150,-1
10:33:09,9.15,27,24705,-1
10:32:57,9.16,3,2748,1
10:32:51,9.16,1,916,1
10:32:42,9.15,22,20130,1
10:32:39,9.14,31,28334,-1
10:32:36,9.15,15,13725,1
10:32:27,9.15,100,91500,1
10:32:24,9.14,19,17366,-1
10:32:18,9.15,1,915,1
10:32:06,9.15,84,76860,1
10:32:03,9.15,2,1830,1
10:31:57,9.14,103,94142,-1
10:31:54,9.15,11,10065,1
10:31:51,9.14,27,24678,-1
10:31:48,9.15,14,12810,1
10:31:45,9.15,20,18300,1
10:31:39,9.16,100,91600,1
10:31:33,9.15,2,1830,1
10:31:30,9.15,1,915,-1
10:31:24,9.15,1,915,-1
10:31:15,9.15,5,4575,1
10:31:09,9.15,40,36600,-1
10:31:06,9.15,143,130845,1
10:30:57,9.14,58,53012,-1
10:30:42,9.15,5,4575,-1
10:30:39,9.15,55,50325,-1
10:30:36,9.15,6,5490,-1
10:30:27,9.15,820,750300,-1
10:30:15,9.16,10,9160,1
10:30:12,9.15,109,99735,-1
10:30:09,9.15,10,9150,-1
10:30:06,9.15,16,14640,-1
10:30:03,9.16,15,13740,1
10:30:00,9.16,81,74196,1
10:29:57,9.16,104,95264,-1
10:29:51,9.16,10,9160,-1
10:29:48,9.16,63,57708,1
10:29:45,9.16,10,9160,1
10:29:39,9.15,10,9150,-1
10:29:36,9.16,27,24732,-1
10:29:33,9.16,22,20152,-1
10:29:27,9.16,1,916,-1
10:29:24,9.16,94,86104,1
10:29:15,9.16,10,9160,1
10:29:12,9.15,118,107970,-1
10:29:06,9.16,19,17404,1
10:29:00,9.16,26,23816,1
10:28:57,9.16,10,9160,1
10:28:54,9.16,10,9160,1
10:28:51,9.16,100,91600,1
10:28:48,9.16,25,22900,1
10:28:39,9.16,13,11908,-1
10:28:27,9.16,9,8244,1
10:28:24,9.15,15,13725,-1
10:28:18,9.15,2,1830,-1
10:28:15,9.16,216,197856,0
10:28:09,9.17,44,40412,1
10:28:00,9.16,170,155720,-1
10:27:54,9.16,15,13740,-1
10:27:51,9.16,14,12824,-1
10:27:45,9.16,2,1832,-1
10:27:42,9.16,10,9160,-1
10:27:39,9.16,7,6412,-1
10:27:36,9.16,257,236263,1
10:27:33,9.16,6,5496,1
10:27:30,9.16,20,18320,1
10:27:27,9.16,2,1832,1
10:27:24,9.16,100,91600,1
10:27:18,9.16,20,18320,1
10:27:09,9.16,18,16488,1
10:27:06,9.16,300,274800,1
10:27:03,9.16,20,18320,1
10:26:54,9.16,41,37556,1
10:26:51,9.16,10,9160,1
10:26:42,9.16,200,183200,1
10:26:39,9.16,10,9160,1
10:26:21,9.16,30,27480,1
10:26:12,9.15,56,51240,-1
10:26:06,9.16,7,6412,1
10:26:00,9.15,30,27450,-1
10:25:57,9.16,10,9160,1
10:25:54,9.15,5,4575,-1
10:25:45,9.16,54,49464,1
10:25:42,9.16,2,1832,1
10:25:39,9.16,17,15572,1
10:25:27,9.15,100,91500,-1
10:25:21,9.15,120,109800,-1
10:25:18,9.16,5,4580,1
10:25:15,9.16,1,916,1
10:25:12,9.15,29,26535,-1
10:25:09,9.16,24,21984,1
10:25:06,9.15,15,13725,-1
10:25:03,9.16,3,2748,1
10:24:51,9.16,30,27480,1
10:24:48,9.15,77,70455,-1
10:24:45,9.15,1,915,-1
10:24:42,9.16,2,1832,1
10:24:39,9.15,29,26535,-1
10:24:36,9.15,100,91500,-1
10:24:33,9.15,20,18300,-1
10:24:30,9.15,20,18300,-1
10:24:24,9.16,10,9160,1
10:24:21,9.15,2,1830,-1
10:24:18,9.15,61,55815,-1
10:24:15,9.16,35,32060,1
10:24:12,9.15,100,91500,-1
10:24:06,9.16,1,916,1
10:24:03,9.15,171,156465,-1
10:23:51,9.15,21,19215,-1
10:23:45,9.15,97,88755,-1
10:23:42,9.16,43,39388,1
10:23:27,9.15,39,35685,-1
10:23:24,9.15,10,9150,-1
10:23:21,9.15,220,201300,1
10:23:18,9.15,160,146400,1
10:23:12,9.15,60,54900,1
10:23:09,9.15,10,9150,1
10:23:03,9.15,25,22939,-1
10:23:00,9.16,20,18320,1
10:22:57,9.15,249,227835,-1
10:22:51,9.16,27,24732,1
10:22:48,9.15,50,45750,-1
10:22:45,9.16,54,49464,1
10:22:42,9.15,15,13725,-1
10:22:39,9.15,50,45750,-1
10:22:33,9.16,154,141064,1
10:22:30,9.15,100,91500,-1
10:22:24,9.15,14,12810,-1
10:22:21,9.16,10,9160,1
10:22:18,9.15,100,91500,-1
10:22:12,9.15,30,27450,-1
10:22:09,9.16,11,10076,1
10:22:06,9.16,8,7328,1
10:22:03,9.15,192,175680,-1
10:21:45,9.16,15,13740,1
10:21:42,9.15,10,9150,-1
10:21:36,9.16,3,2748,1
10:21:27,9.15,10,9150,-1
10:21:24,9.16,59,54044,1
10:21:21,9.15,50,45750,-1
10:21:18,9.15,51,46665,-1
10:21:12,9.16,10,9160,1
10:21:00,9.15,381,349465,1
10:20:57,9.15,20,18300,1
10:20:54,9.15,5,4575,1
10:20:45,9.15,308,281820,1
10:20:42,9.14,10,9140,-1
10:20:39,9.15,20,18300,1
10:20:36,9.13,24,21912,-1
10:20:33,9.14,31,28334,-1
10:20:30,9.15,3,2745,1
10:20:24,9.14,43,39302,1
10:20:18,9.14,30,27420,1
10:20:15,9.14,27,24678,-1
10:20:12,9.14,6,5484,-1
10:20:09,9.14,17,15538,1
10:20:06,9.14,57,52098,1
10:20:03,9.14,20,18280,1
10:20:00,9.12,1093,996815,-1
10:19:51,9.13,250,228679,1
10:19:48,9.13,9,8217,1
10:19:45,9.13,8,7304,1
10:19:42,9.13,4,3652,1
10:19:39,9.13,20,18260,1
10:19:36,9.13,25,22825,1
10:19:33,9.13,20,18260,1
10:19:27,9.13,10,9130,1
10:19:24,9.13,125,114125,1
10:19:15,9.13,13,11869,1
10:19:09,9.13,103,94039,1
10:19:06,9.13,30,27390,1
10:19:03,9.13,3,2739,1
10:19:00,9.13,120,109560,1
10:18:51,9.12,52,47423,-1
10:18:45,9.13,10,9130,1
10:18:42,9.13,13,11869,1
10:18:36,9.12,10,9120,-1
10:18:33,9.12,7,6383,-1
10:18:30,9.12,8,7295,-1
10:18:24,9.13,70,63910,1
10:18:21,9.12,40,36480,-1
10:18:09,9.13,100,91300,1
10:18:06,9.13,158,144254,1
10:18:03,9.13,1,913,1
10:17:51,9.13,50,45650,1
10:17:42,9.12,144,131328,-1
10:17:39,9.13,20,18260,1
10:17:36,9.13,10,9130,1
10:17:33,9.13,18,16434,1
10:17:27,9.13,507,462891,1
10:17:24,9.13,74,67562,1
10:17:18,9.13,1,913,1
10:17:03,9.13,592,540496,-1
10:17:00,9.13,3,2739,-1
10:16:57,9.14,15,13710,1
10:16:51,9.14,1,914,1
10:16:48,9.14,196,179144,-1
10:16:45,9.15,1,915,1
10:16:33,9.15,97,88755,1
10:16:30,9.14,15,13710,-1
10:16:24,9.14,87,79518,-1
10:16:15,9.14,10,9140,-1
10:16:12,9.14,18,16452,-1
10:16:09,9.14,16,14624,-1
10:16:06,9.14,5,4570,-1
10:16:00,9.14,93,85002,-1
10:15:48,9.14,15,13710,-1
10:15:45,9.14,100,91400,-1
10:15:30,9.15,61,55815,1
10:15:27,9.14,62,56668,-1
10:15:24,9.15,9,8235,1
10:15:21,9.15,19,17385,1
10:15:18,9.15,4,3660,1
10:15:15,9.15,111,101565,-1
10:15:12,9.16,1,916,1
10:15:09,9.16,10,9160,1
10:15:06,9.16,11,10076,1
10:15:03,9.15,16,14640,-1
10:15:00,9.16,17,15572,1
10:14:54,9.16,19,17404,1
10:14:51,9.16,10,9160,1
10:14:48,9.15,4,3660,-1
10:14:42,9.15,13,11895,-1
10:14:39,9.15,75,68625,1
10:14:33,9.15,9,8235,1
10:14:27,9.14,40,36560,-1
10:14:24,9.14,39,35646,-1
10:14:18,9.14,1,914,-1
10:14:15,9.14,15,13710,-1
10:14:09,9.15,100,91500,1
10:14:06,9.15,1,915,1
10:13:57,9.14,51,46614,-1
10:13:51,9.15,80,73200,1
10:13:45,9.14,20,18280,-1
10:13:42,9.15,10,9150,1
10:13:39,9.14,27,24678,1
10:13:36,9.14,6,5484,1
10:13:33,9.14,12,10968,0
10:13:27,9.15,4,3660,1
10:13:24,9.15,270,247050,1
10:13:18,9.13,25,22825,-1
10:13:15,9.14,104,95056,0
10:13:03,9.13,674,615362,-1
10:12:57,9.14,5,4570,-1
10:12:54,9.15,4,3660,1
10:12:48,9.15,10,9150,1
10:12:45,9.14,20,18280,-1
10:12:42,9.15,36,32940,1
10:12:39,9.15,4,3660,1
10:12:30,9.15,5,4575,1
10:12:24,9.15,12,10980,-1
10:12:21,9.15,127,116205,1
10:12:18,9.15,141,129015,-1
10:12:12,9.15,40,36600,-1
10:12:00,9.15,5,4575,-1
10:11:57,9.15,20,18300,-1
10:11:51,9.15,20,18300,-1
10:11:45,9.15,20,18300,-1
10:11:39,9.15,40,36600,-1
10:11:36,9.15,52,47580,-1
10:11:33,9.15,51,46665,-1
10:11:27,9.16,31,28396,1
10:11:18,9.16,3,2748,1
10:11:15,9.16,73,66868,1
10:11:09,9.16,11,10076,1
10:11:06,9.16,26,23816,1
10:11:03,9.16,71,65036,-1
10:11:00,9.16,141,129156,-1
10:10:57,9.16,57,52212,-1
10:10:54,9.17,2,1834,1
10:10:48,9.16,500,458000,-1
10:10:42,9.16,21,19236,-1
10:10:39,9.16,74,67784,-1
10:10:36,9.16,219,200604,-1
10:10:33,9.16,13,11908,-1
10:10:30,9.16,245,224420,-1
10:10:27,9.16,118,108088,-1
10:10:24,9.16,305,279380,-1
10:10:21,9.16,1,916,-1
10:10:18,9.17,5,4585,1
10:10:15,9.16,36,32976,-1
10:10:12,9.17,5,4585,1
10:10:09,9.17,110,100870,1
10:10:06,9.17,27,24759,1
10:10:03,9.17,135,123795,1
10:10:00,9.16,155,141980,-1
10:09:54,9.17,38,34846,1
10:09:51,9.17,70,64190,1
10:09:48,9.17,10,9170,1
10:09:45,9.17,27,24759,1
10:09:42,9.16,13,11908,-1
10:09:39,9.17,11,10087,1
10:09:36,9.17,24,22008,1
10:09:30,9.17,302,276934,-1
10:09:27,9.18,147,134946,1
10:09:24,9.18,313,287334,1
10:09:21,9.17,576,528192,-1
10:09:18,9.18,76,69768,1
10:09:15,9.18,13,11934,1
10:09:12,9.17,269,246673,-1
10:09:09,9.18,10,9180,1
10:09:06,9.18,149,136782,1
10:09:03,9.18,163,149634,1
10:09:00,9.17,10,9170,-1
10:08:57,9.18,53,48654,1
10:08:54,9.18,105,96390,1
10:08:51,9.16,176,161216,-1
10:08:48,9.18,6,5508,1
10:08:45,9.17,928,850976,1
10:08:42,9.16,530,485480,-1
10:08:39,9.17,375,343875,1
10:08:36,9.17,39,35763,1
10:08:33,9.17,578,530026,-1
10:08:30,9.17,100,91700,-1
10:08:24,9.18,408,374544,1
10:08:21,9.17,209,191653,1
10:08:18,9.17,35,32095,1
10:08:15,9.17,100,91700,1
10:08:12,9.17,10,9170,1
10:08:09,9.16,10,9160,-1
10:08:06,9.16,824,754784,1
10:07:54,9.15,881,806691,1
10:07:51,9.15,62,56730,1
10:07:45,9.15,23,21045,1
10:07:42,9.15,3,2745,1
10:07:36,9.14,20,18280,-1
10:07:33,9.14,477,435978,1
10:07:27,9.13,98,89474,1
10:07:24,9.12,1,911,-1
10:07:21,9.13,2,1826,1
10:07:18,9.13,20,18260,1
10:07:15,9.12,51,47414,-1
10:07:12,9.13,22,20086,1
10:07:06,9.13,16,14608,1
10:07:00,9.12,2,1823,-1
10:06:57,9.13,29,26477,1
10:06:54,9.13,20,18260,1
10:06:51,9.13,10,9130,1
10:06:45,9.13,367,335071,1
10:06:42,9.13,44,40172,1
10:06:36,9.13,112,102256,1
10:06:33,9.12,160,145920,-1
10:06:30,9.12,26,23711,-1
10:06:21,9.12,3,2735,-1
10:06:03,9.11,50,45550,-1
10:06:00,9.12,43,39216,1
10:05:57,9.12,20,18240,1
10:05:54,9.12,100,91199,1
10:05:48,9.12,15,13679,1
10:05:45,9.12,19,17328,1
10:05:42,9.12,5,4560,1
10:05:36,9.12,10,9120,1
10:05:33,9.12,41,37392,1
10:05:30,9.12,13,11855,1
10:05:18,9.11,1,911,-1
10:05:15,9.11,49,44639,-1
10:05:12,9.12,60,54719,1
10:05:06,9.11,43,39173,1
10:05:03,9.11,305,277855,1
10:05:00,9.11,1,911,1
10:04:57,9.11,20,18220,1
10:04:48,9.11,10,9110,1
10:04:42,9.11,50,45550,1
10:04:39,9.11,1,911,1
10:04:33,9.11,8,7288,1
10:04:30,9.11,41,37351,1
10:04:09,9.1,51,46410,-1
10:04:06,9.1,30,27300,-1
10:04:03,9.11,50,45550,1
10:03:57,9.11,9,8199,1
10:03:54,9.11,15,13665,1
10:03:48,9.11,1,911,1
10:03:39,9.11,38,34618,-1
10:03:33,9.11,5,4555,-1
10:03:30,9.11,25,22775,1
10:03:21,9.11,31,28241,1
10:03:18,9.11,25,22775,1
10:03:12,9.11,10,9110,1
10:03:09,9.11,1,911,1
10:03:06,9.11,17,15486,-1
10:03:03,9.12,30,27359,1
10:03:00,9.11,10,9110,-1
10:02:57,9.11,18,16398,-1
10:02:54,9.11,20,18220,-1
10:02:51,9.11,318,289698,-1
10:02:48,9.11,3,2733,-1
10:02:45,9.12,12,10943,1
10:02:42,9.12,25,22799,1
10:02:39,9.11,31,28241,-1
10:02:36,9.11,5,4555,-1
10:02:33,9.12,30,27359,1
10:02:30,9.12,26,23711,1
10:02:27,9.11,39,35529,-1
10:02:24,9.11,147,133917,1
10:02:15,9.11,161,146671,-1
10:02:12,9.12,20,18240,1
10:02:09,9.12,2,1823,1
10:02:06,9.12,204,186047,1
10:02:03,9.12,9,8208,1
10:02:00,9.12,10,9120,1
10:01:51,9.11,23,20953,-1
10:01:48,9.12,10,9120,1
10:01:45,9.11,52,47372,-1
10:01:39,9.12,8,7295,1
10:01:36,9.11,9,8199,1
10:01:33,9.11,191,174001,-1
10:01:30,9.11,112,102032,1
10:01:24,9.11,60,54660,1
10:01:21,9.11,11,10021,1
10:01:18,9.11,117,106587,-1
10:01:15,9.12,5,4560,1
10:01:12,9.12,6,5471,1
10:01:03,9.11,227,206797,-1
10:01:00,9.12,18,16416,1
10:00:57,9.12,1,911,1
10:00:54,9.12,5,4560,1
10:00:51,9.12,22,20064,1
10:00:48,9.11,120,109320,-1
10:00:42,9.12,109,99407,1
10:00:39,9.12,8,7295,1
10:00:30,9.12,33,30095,1
10:00:27,9.12,3,2735,1
10:00:24,9.11,2,1822,-1
10:00:18,9.12,210,191519,1
10:00:09,9.11,44,40084,-1
10:00:06,9.12,1,911,1
10:00:03,9.11,60,54660,1
10:00:00,9.11,100,91100,1
09:59:48,9.11,42,38262,-1
09:59:45,9.11,2,1822,-1
09:59:42,9.12,27,24623,1
09:59:39,9.12,20,18240,1
09:59:36,9.12,21,19152,1
09:59:30,9.11,3,2733,-1
09:59:27,9.11,17,15486,-1
09:59:24,9.11,8,7288,1
09:59:21,9.11,22,20042,1
09:59:18,9.11,170,154870,-1
09:59:15,9.12,78,71136,1
09:59:09,9.12,25,22799,1
09:59:06,9.12,52,47423,1
09:59:00,9.12,11,10032,1
09:58:54,9.12,43,39216,1
09:58:48,9.12,349,318288,-1
09:58:42,9.12,1,911,-1
09:58:39,9.13,18,16434,1
09:58:36,9.13,40,36520,1
09:58:30,9.13,1,913,1
09:58:27,9.13,32,29216,1
09:58:24,9.13,10,9130,1
09:58:21,9.13,53,48389,1
09:58:18,9.13,24,21912,1
09:58:15,9.12,100,91199,-1
09:58:12,9.13,99,90387,1
09:58:06,9.13,103,94039,1
09:58:03,9.13,54,49302,1
09:58:00,9.13,23,20999,1
09:57:57,9.13,13,11869,1
09:57:48,9.13,1,913,1
09:57:45,9.12,40,36480,-1
09:57:39,9.13,139,126907,1
09:57:36,9.12,20,18240,-1
09:57:33,9.13,1,913,1
09:57:30,9.13,75,68475,1
09:57:27,9.12,48,43775,1
09:57:24,9.12,78,71136,1
09:57:21,9.12,36,32832,1
09:57:18,9.12,17,15503,1
09:57:15,9.12,150,136800,1
09:57:12,9.12,4,3647,1
09:57:09,9.12,25,22799,1
09:57:03,9.11,17,15486,-1
09:57:00,9.12,10,9120,1
09:56:51,9.1,21,19110,-1
09:56:48,9.11,83,75613,1
09:56:45,9.11,72,65592,1
09:56:42,9.11,5,4555,1
09:56:39,9.11,122,111142,-1
09:56:36,9.12,14,12767,1
09:56:30,9.11,2,1822,-1
09:56:27,9.11,123,112053,1
09:56:24,9.11,1,911,1
09:56:21,9.1,30,27300,-1
09:56:18,9.11,3,2733,-1
09:56:15,9.11,97,88367,1
09:56:12,9.1,357,324870,1
09:56:09,9.1,777,707070,1
09:56:06,9.09,6,5454,-1
09:56:03,9.1,75,68250,1
09:56:00,9.1,28,25480,1
09:55:57,9.1,252,229320,1
09:55:54,9.09,93,84537,-1
09:55:48,9.1,300,273000,1
09:55:39,9.1,41,37310,1
09:55:36,9.1,17,15470,1
09:55:33,9.09,23,21806,-1
09:55:30,9.1,13,11830,1
09:55:27,9.1,1,910,1
09:55:24,9.09,1,909,-1
09:55:21,9.09,24,21816,-1
09:55:18,9.1,313,284830,1
09:55:15,9.09,6,5454,-1
09:55:12,9.1,17,15470,1
09:55:09,9.1,15,13650,1
09:55:06,9.1,77,70070,1
09:55:03,9.1,10,9100,1
09:54:57,9.1,1,910,1
09:54:51,9.1,1,910,1
09:54:48,9.1,15,13650,1
09:54:45,9.09,10,9090,-1
09:54:42,9.1,10,9100,1
09:54:36,9.1,42,38220,1
09:54:33,9.09,368,334512,-1
09:54:30,9.1,5,4550,1
09:54:27,9.1,52,47320,1
09:54:21,9.1,90,81900,1
09:54:12,9.09,16,14544,-1
09:54:00,9.1,5,4550,1
09:53:57,9.09,10,9090,-1
09:53:48,9.09,0,899,-1
09:53:45,9.1,121,110110,1
09:53:42,9.1,13,11830,1
09:53:39,9.1,11,10010,1
09:53:36,9.1,234,212940,1
09:53:33,9.1,837,761670,1
09:53:30,9.1,96,87360,1
09:53:27,9.1,330,300300,1
09:53:21,9.1,20,18200,1
09:53:18,9.1,8,7280,1
09:53:15,9.1,107,97370,1
09:53:12,9.1,225,204750,1
09:53:09,9.1,22,20020,1
09:53:06,9.1,12,10920,1
09:52:57,9.1,13,11830,1
09:52:54,9.1,230,210200,1
09:52:51,9.1,20,18200,1
09:52:48,9.1,265,241150,1
09:52:45,9.1,35,31850,1
09:52:39,9.1,361,328510,1
09:52:36,9.09,115,104535,-1
09:52:33,9.1,3,2730,1
09:52:30,9.09,88,79992,-1
09:52:27,9.1,10,9100,1
09:52:24,9.09,63,57267,-1
09:52:21,9.1,223,202930,1
09:52:18,9.1,50,45500,1
09:52:15,9.1,16,14560,1
09:52:12,9.1,113,102830,1
09:52:09,9.09,128,116352,-1
09:52:06,9.09,16,14544,-1
09:52:00,9.09,4,3636,0
09:51:57,9.08,79,71732,-1
09:51:54,9.09,22,19998,1
09:51:51,9.09,60,54540,1
09:51:48,9.08,68,61744,-1
09:51:42,9.08,30,27240,-1
09:51:39,9.08,309,280572,1
09:51:36,9.08,62,56296,1
09:51:30,9.08,203,184324,1
09:51:24,9.08,257,234254,1
09:51:21,9.07,384,348288,-1
09:51:18,9.08,5,4540,1
09:51:15,9.08,22,19976,1
09:51:12,9.08,1,908,1
09:51:09,9.07,59,53513,-1
09:51:06,9.07,238,215866,-1
09:50:54,9.07,211,192093,1
09:50:51,9.07,76,68932,1
09:50:48,9.07,111,100677,1
09:50:45,9.06,5,4530,-1
09:50:42,9.07,1,907,1
09:50:39,9.07,287,260309,1
09:50:36,9.07,245,222224,-1
09:50:33,9.07,9,8163,-1
09:50:30,9.07,36,32652,-1
09:50:27,9.07,265,241252,1
09:50:24,9.07,51,46257,1
09:50:21,9.06,30,27180,-1
09:50:18,9.06,5,4530,-1
09:50:15,9.07,15,13605,1
09:50:12,9.07,91,82537,1
09:50:09,9.06,3,2718,-1
09:50:06,9.07,204,185028,1
09:50:03,9.07,81,73467,1
09:50:00,9.07,56,50792,1
09:49:57,9.07,969,879780,1
09:49:54,9.07,128,116096,1
09:49:51,9.07,36,32652,1
09:49:48,9.07,120,108840,1
09:49:45,9.07,96,87072,1
09:49:42,9.07,18,16326,1
09:49:36,9.07,43,39001,1
09:49:33,9.07,26,23582,1
09:49:30,9.07,131,118817,-1
09:49:27,9.08,161,146188,1
09:49:15,9.07,127,115189,-1
09:49:12,9.07,84,76188,1
09:49:09,9.07,6,5442,1
09:49:06,9.07,232,210424,1
09:49:03,9.07,36,32652,1
09:48:57,9.07,50,45350,1
09:48:54,9.07,198,179586,1
09:48:51,9.07,118,107026,1
09:48:42,9.07,45,40815,-1
09:48:39,9.08,113,102604,1
09:48:36,9.06,6,5436,-1
09:48:33,9.07,115,104305,1
09:48:30,9.07,12,10884,1
09:48:27,9.07,323,292961,1
09:48:24,9.07,260,235829,-1
09:48:21,9.08,34,30872,1
09:48:18,9.08,4,3632,1
09:48:15,9.08,96,87168,1
09:48:12,9.07,100,90700,-1
09:48:09,9.07,60,54420,-1
09:48:06,9.08,50,45400,1
09:48:03,9.07,60,54420,-1
09:47:57,9.08,259,235172,1
09:47:54,9.07,49,45340,-1
09:47:51,9.08,117,106236,1
09:47:45,9.07,5,4535,-1
09:47:42,9.07,196,177772,-1
09:47:39,9.07,39,35373,-1
09:47:36,9.08,201,182508,1
09:47:27,9.07,19,17233,-1
09:47:24,9.08,2,1816,1
09:47:21,9.07,179,162353,-1
09:47:18,9.08,3,2724,1
09:47:15,9.08,42,38136,1
09:47:09,9.08,68,61744,-1
09:47:03,9.08,749,680273,-1
09:47:00,9.07,306,278267,-1
09:46:57,9.08,40,36320,1
09:46:54,9.08,87,78996,1
09:46:51,9.08,11,9988,1
09:46:48,9.08,32,29056,1
09:46:45,9.08,384,348672,1
09:46:42,9.08,11,9988,1
09:46:39,9.08,55,50121,-1
09:46:30,9.08,100,91526,-1
09:46:27,9.09,120,109080,1
09:46:24,9.07,319,289333,-1
09:46:21,9.08,171,155268,1
09:46:18,9.07,10,9070,-1
09:46:15,9.08,71,64468,1
09:46:12,9.07,3,2721,-1
09:46:09,9.07,124,112468,-1
09:46:06,9.08,319,289652,1
09:46:03,9.08,111,100788,1
09:46:00,9.08,42,38136,1
09:45:57,9.08,120,108960,-1
09:45:51,9.08,61,55388,-1
09:45:48,9.08,670,608360,1
09:45:45,9.08,57,51756,1
09:45:42,9.08,27,24516,1
09:45:39,9.07,4,3628,-1
09:45:33,9.08,339,307812,1
09:45:30,9.07,33,29931,1
09:45:27,9.07,344,312008,-1
09:45:15,9.07,61,55327,-1
09:45:12,9.1,1057,961870,1
09:45:09,9.06,125,113250,-1
09:45:06,9.1,4,3640,1
09:45:03,9.06,31,28086,-1
09:45:00,9.06,279,252855,-1
09:44:54,9.06,384,347904,1
09:44:51,9.06,136,123216,1
09:44:48,9.05,462,418110,-1
09:44:45,9.05,245,221725,-1
09:44:42,9.05,251,227155,-1
09:44:39,9.06,17,15402,1
09:44:36,9.05,374,338470,-1
09:44:33,9.05,112,101360,-1
09:44:30,9.06,45,40770,1
09:44:27,9.05,157,142085,-1
09:44:24,9.06,383,346998,-1
09:44:21,9.07,226,204982,1
09:44:18,9.07,286,259402,-1
09:44:15,9.07,42,38094,-1
09:44:12,9.08,306,277848,1
09:44:09,9.08,12,10896,1
09:44:06,9.08,639,580212,-1
09:44:03,9.08,337,305996,-1
09:43:54,9.09,154,139986,-1
09:43:51,9.1,12,10920,-1
09:43:48,9.1,47,42770,-1
09:43:45,9.09,155,140895,-1
09:43:42,9.1,90,81900,1
09:43:36,9.1,10,9100,1
09:43:33,9.1,7,6370,1
09:43:30,9.1,10,9100,1
09:43:27,9.1,100,91000,1
09:43:24,9.09,62,56358,-1
09:43:21,9.11,2,1822,1
09:43:18,9.11,3,2733,1
09:43:15,9.09,1398,1270782,-1
09:43:12,9.1,143,130130,-1
09:43:09,9.11,94,85634,1
09:43:06,9.11,54,49194,1
09:43:03,9.11,2,1822,1
09:43:00,9.11,27,24597,-1
09:42:57,9.11,10,9110,-1
09:42:54,9.11,30,27330,-1
09:42:51,9.11,24,21864,-1
09:42:48,9.12,20,18240,1
09:42:45,9.12,2128,1940735,1
09:42:42,9.11,10,9110,-1
09:42:36,9.11,50,45550,-1
09:42:33,9.12,22,20064,1
09:42:27,9.11,92,83812,1
09:42:24,9.11,106,96566,1
09:42:21,9.11,151,137561,1
09:42:18,9.11,3,2733,1
09:42:15,9.11,25,22775,1
09:42:12,9.11,100,91100,0
09:42:09,9.11,52,47372,-1
09:42:06,9.12,10,9120,1
09:42:03,9.12,10,9120,1
09:41:57,9.12,303,276336,1
09:41:54,9.11,85,77435,-1
09:41:51,9.12,25,22799,1
09:41:48,9.12,12,10943,1
09:41:45,9.11,40,36440,-1
09:41:39,9.11,4,3644,-1
09:41:36,9.12,14,12767,1
09:41:30,9.12,187,170543,1
09:41:27,9.11,305,277855,-1
09:41:24,9.12,25,22799,1
09:41:21,9.12,95,86639,1
09:41:18,9.12,11,10032,1
09:41:15,9.12,2,1823,1
09:41:12,9.11,302,275122,-1
09:41:09,9.11,30,27330,-1
09:41:06,9.12,20,18240,1
09:41:03,9.12,64,58367,1
09:41:00,9.12,5,4560,1
09:40:57,9.12,39,35568,1
09:40:54,9.11,54,49194,-1
09:40:51,9.12,22,20064,1
09:40:48,9.12,128,116735,1
09:40:45,9.12,37,33744,1
09:40:42,9.12,105,95759,1
09:40:36,9.11,31,28241,-1
09:40:33,9.12,25,22799,1
09:40:30,9.12,12,10943,1
09:40:27,9.12,704,642048,1
09:40:21,9.11,17,15486,-1
09:40:18,9.12,105,95759,1
09:40:15,9.11,104,94744,-1
09:40:12,9.12,109,99407,1
09:40:09,9.12,99,90287,1
09:40:06,9.12,102,93023,1
09:40:03,9.12,28,25535,1
09:40:00,9.12,77,70224,1
09:39:57,9.11,11,10021,-1
09:39:54,9.12,31,28271,1
09:39:51,9.12,22,20064,1
09:39:48,9.12,79,72048,1
09:39:45,9.11,53,48283,-1
09:39:42,9.12,2,1823,1
09:39:39,9.12,201,183311,1
09:39:36,9.12,46,41952,1
09:39:33,9.12,1,911,1
09:39:30,9.12,114,103967,1
09:39:27,9.12,239,217967,1
09:39:24,9.11,100,91100,-1
09:39:21,9.11,30,27330,-1
09:39:18,9.11,5,4555,-1
09:39:15,9.11,42,38262,-1
09:39:12,9.12,72,65664,1
09:39:09,9.12,335,305520,1
09:39:06,9.12,120,109439,1
09:39:03,9.12,13,11855,1
09:39:00,9.12,4,3647,1
09:38:54,9.12,2,1823,1
09:38:51,9.12,32,29183,1
09:38:48,9.12,7,6383,1
09:38:45,9.12,70,63839,1
09:38:42,9.12,1185,1080720,-1
09:38:39,9.12,69,62927,-1
09:38:36,9.13,5,4565,1
09:38:33,9.13,105,95865,1
09:38:27,9.12,5,4560,-1
09:38:21,9.12,117,106703,-1
09:38:18,9.12,77,70224,-1
09:38:15,9.13,120,109560,1
09:38:12,9.13,5,4565,1
09:38:09,9.13,6,5478,1
09:38:06,9.12,219,199727,-1
09:38:03,9.13,107,97691,1
09:38:00,9.13,14,12782,1
09:37:57,9.13,39,35607,1
09:37:54,9.13,10,9130,1
09:37:51,9.13,20,18260,1
09:37:48,9.13,466,425458,-1
09:37:45,9.13,276,251988,1
09:37:42,9.13,239,218207,1
09:37:39,9.12,80,72960,-1
09:37:36,9.13,10,9130,1
09:37:33,9.13,212,193556,1
09:37:30,9.12,5,4560,-1
09:37:27,9.13,10,9130,1
09:37:24,9.13,20,18260,1
09:37:21,9.13,122,111386,-1
09:37:18,9.13,196,178948,-1
09:37:15,9.13,2,1826,-1
09:37:12,9.13,104,94952,-1
09:37:09,9.13,25,22825,-1
09:37:06,9.13,62,56606,-1
09:37:00,9.14,8,7312,1
09:36:57,9.14,34,31076,1
09:36:54,9.14,30,27420,1
09:36:51,9.14,51,46614,-1
09:36:48,9.14,82,74948,0
09:36:45,9.13,1128,1029864,-1
09:36:42,9.14,768,701952,1
09:36:39,9.14,118,107852,1
09:36:36,9.13,45,41085,-1
09:36:33,9.13,100,91300,-1
09:36:30,9.14,13,11882,1
09:36:27,9.13,239,218207,-1
09:36:24,9.14,16,14624,1
09:36:21,9.14,128,116992,1
09:36:18,9.14,20,18280,1
09:36:15,9.14,72,65808,1
09:36:12,9.14,30,27420,1
09:36:09,9.13,26,23738,-1
09:36:06,9.14,45,41130,1
09:36:03,9.13,186,169818,-1
09:35:57,9.14,125,114250,1
09:35:54,9.14,6,5484,1
09:35:51,9.13,8,7304,-1
09:35:48,9.13,320,292160,-1
09:35:45,9.13,192,175296,1
09:35:42,9.13,84,76692,1
09:35:39,9.13,24,21912,1
09:35:33,9.13,112,102256,1
09:35:30,9.13,36,32868,1
09:35:27,9.13,279,254727,1
09:35:24,9.13,30,27390,1
09:35:21,9.13,149,136037,1
09:35:18,9.13,11,10043,1
09:35:15,9.13,20,18260,1
09:35:12,9.13,426,388938,1
09:35:09,9.13,6,5478,1
09:35:06,9.13,15,13695,1
09:35:00,9.12,20,18240,-1
09:34:57,9.13,103,94039,1
09:34:54,9.13,6,5478,1
09:34:51,9.12,213,194255,-1
09:34:48,9.12,20,18240,-1
09:34:45,9.13,35,31955,1
09:34:42,9.12,15,13679,-1
09:34:39,9.13,24,21912,1
09:34:36,9.13,303,276639,1
09:34:33,9.13,51,46563,1
09:34:30,9.12,14,12767,-1
09:34:27,9.12,113,103055,-1
09:34:24,9.13,616,562408,1
09:34:21,9.13,7,6391,1
09:34:18,9.12,80,72960,1
09:34:15,9.12,30,27359,1
09:34:12,9.12,213,194255,-1
09:34:09,9.13,291,265683,1
09:34:06,9.13,6,5478,1
09:34:03,9.13,55,50215,1
09:34:00,9.13,111,101343,1
09:33:57,9.12,161,146832,-1
09:33:54,9.13,69,62997,1
09:33:51,9.13,69,62997,1
09:33:48,9.13,70,63910,1
09:33:45,9.13,43,39259,1
09:33:42,9.13,139,126907,1
09:33:39,9.13,80,73040,1
09:33:36,9.13,69,62997,1
09:33:33,9.13,72,65736,1
09:33:30,9.13,179,163427,-1
09:33:27,9.14,206,188284,1
09:33:24,9.13,427,389851,-1
09:33:21,9.13,103,94039,-1
09:33:15,9.13,233,212729,-1
09:33:12,9.13,209,190817,-1
09:33:09,9.14,23,21022,1
09:33:06,9.13,332,303116,-1
09:33:03,9.13,75,68475,1
09:33:00,9.12,251,228911,-1
09:32:57,9.12,392,357503,-1
09:32:54,9.12,70,63839,-1
09:32:51,9.13,3,2739,1
09:32:48,9.12,69,62927,1
09:32:45,9.12,24,21887,1
09:32:42,9.12,107,97583,-1
09:32:39,9.12,55,50159,-1
09:32:36,9.12,103,93935,1
09:32:33,9.12,52,47423,1
09:32:27,9.11,301,274211,1
09:32:24,9.11,671,611281,1
09:32:21,9.11,11,10021,1
09:32:18,9.1,35,31850,-1
09:32:15,9.11,6,5466,1
09:32:12,9.1,6,5460,-1
09:32:09,9.11,230,209530,1
09:32:06,9.1,111,101010,-1
09:32:03,9.11,122,111142,1
09:32:00,9.11,49,44639,1
09:31:57,9.1,191,173810,-1
09:31:54,9.11,5,4555,1
09:31:51,9.11,52,47372,1
09:31:48,9.11,15,13665,-1
09:31:45,9.11,104,94744,-1
09:31:42,9.12,18,16416,1
09:31:39,9.12,33,30095,1
09:31:36,9.12,42,38304,1
09:31:33,9.12,41,37392,1
09:31:30,9.12,30,27359,-1
09:31:27,9.13,178,162514,1
09:31:24,9.13,5,4565,1
09:31:21,9.1,654,595140,-1
09:31:18,9.14,878,802492,1
09:31:15,9.14,7,6398,0
09:31:12,9.15,68,62220,1
09:31:09,9.14,92,84088,0
09:31:06,9.12,554,505247,-1
09:31:03,9.12,998,910175,-1
09:31:00,9.15,1493,1366095,-1
09:30:57,9.15,137,125355,-1
09:30:54,9.16,373,341668,1
09:30:51,9.16,65,59540,1
09:30:48,9.16,726,665016,-1
09:30:45,9.17,120,110040,1
09:30:42,9.15,251,229665,-1
09:30:39,9.17,341,312697,1
09:30:36,9.17,144,132048,1
09:30:33,9.17,545,499774,-1
09:30:30,9.17,1920,1761547,1
09:30:27,9.16,185,169460,-1
09:30:24,9.17,105,96285,1
09:30:21,9.17,316,289772,1
09:30:18,9.17,278,254926,1
09:30:15,9.17,301,276026,-1
09:30:12,9.17,246,225582,-1
09:30:09,9.17,66,60522,-1
09:30:06,9.17,1229,1127900,1
09:30:03,9.17,293,268681,1
09:25:03,9.15,2494,2282010,1
