timestamp,timestamp1,securityId,code,name,low,open,close,high,volume,turnover
2017-08-17,1502928000000,coin_binance_BTC-USDT,BTC-USDT,BTC/USDT,4200.74,4261.48,4285.08,4485.39,795.150377,
2017-08-18,1503014400000,coin_binance_BTC-USDT,BTC-USDT,BTC/USDT,3938.77,4285.08,4108.37,4371.52,1199.888264,
2017-08-19,1503100800000,coin_binance_BTC-USDT,BTC-USDT,BTC/USDT,3850.0,4108.37,4139.98,4184.69,381.309763,
2017-08-20,1503187200000,coin_binance_BTC-USDT,BTC-USDT,BTC/USDT,4032.62,4120.98,4086.29,4211.08,467.083022,
2017-08-21,1503273600000,coin_binance_BTC-USDT,BTC-USDT,BTC/USDT,3911.79,4069.13,4016.0,4119.62,691.74306,
2017-08-22,1503360000000,coin_binance_BTC-USDT,BTC-USDT,BTC/USDT,3400.0,4016.0,4040.0,4104.82,966.684858,
2017-08-23,1503446400000,coin_binance_BTC-USDT,BTC-USDT,BTC/USDT,4013.89,4040.0,4114.01,4265.8,1001.136565,
2017-08-24,1503532800000,coin_binance_BTC-USDT,BTC-USDT,BTC/USDT,4085.01,4147.0,4316.01,4371.68,787.418753,
2017-08-25,1503619200000,coin_binance_BTC-USDT,BTC-USDT,BTC/USDT,4247.48,4316.01,4280.68,4453.91,573.61274,
2017-08-26,1503705600000,coin_binance_BTC-USDT,BTC-USDT,BTC/USDT,4212.41,4280.71,4337.44,4367.0,228.108068,
2017-08-27,1503792000000,coin_binance_BTC-USDT,BTC-USDT,BTC/USDT,4285.54,4332.51,4310.01,4400.0,350.692585,
2017-08-28,1503878400000,coin_binance_BTC-USDT,BTC-USDT,BTC/USDT,4124.54,4310.01,4386.69,4399.82,603.841616,
2017-08-29,1503964800000,coin_binance_BTC-USDT,BTC-USDT,BTC/USDT,4313.55,4353.65,4587.48,4625.85,603.545028,
2017-08-30,1504051200000,coin_binance_BTC-USDT,BTC-USDT,BTC/USDT,4416.01,4564.52,4555.14,4647.51,808.468771,
2017-08-31,1504137600000,coin_binance_BTC-USDT,BTC-USDT,BTC/USDT,4555.14,4555.14,4724.89,4745.42,556.956802,
2017-09-01,1504224000000,coin_binance_BTC-USDT,BTC-USDT,BTC/USDT,4654.88,4689.89,4834.91,4885.55,560.666366,
2017-09-02,1504310400000,coin_binance_BTC-USDT,BTC-USDT,BTC/USDT,4286.87,4796.16,4472.14,4939.19,929.148595,
2017-09-03,1504396800000,coin_binance_BTC-USDT,BTC-USDT,BTC/USDT,4298.33,4508.5,4509.08,4714.76,691.216198,
2017-09-04,1504483200000,coin_binance_BTC-USDT,BTC-USDT,BTC/USDT,3972.51,4505.0,4100.11,4527.49,1394.644614,
2017-09-05,1504569600000,coin_binance_BTC-USDT,BTC-USDT,BTC/USDT,3603.0,4106.97,4366.47,4484.99,1228.938157,
2017-09-06,1504656000000,coin_binance_BTC-USDT,BTC-USDT,BTC/USDT,4335.26,4366.49,4619.77,4662.87,807.363726,
2017-09-07,1504742400000,coin_binance_BTC-USDT,BTC-USDT,BTC/USDT,4438.19,4619.77,4691.61,4788.59,500.429975,
2017-09-08,1504828800000,coin_binance_BTC-USDT,BTC-USDT,BTC/USDT,4028.93,4691.66,4282.8,4735.39,1132.255046,
2017-09-09,1504915200000,coin_binance_BTC-USDT,BTC-USDT,BTC/USDT,4150.06,4282.8,4258.81,4426.62,658.782952,
2017-09-10,1505001600000,coin_binance_BTC-USDT,BTC-USDT,BTC/USDT,3801.0,4258.81,4130.37,4283.0,660.373275,
2017-09-11,1505088000000,coin_binance_BTC-USDT,BTC-USDT,BTC/USDT,4098.91,4153.62,4208.47,4334.43,699.989065,
2017-09-12,1505174400000,coin_binance_BTC-USDT,BTC-USDT,BTC/USDT,4040.8,4208.6,4163.72,4394.59,879.630319,
2017-09-13,1505260800000,coin_binance_BTC-USDT,BTC-USDT,BTC/USDT,3760.0,4159.72,3944.69,4165.38,913.462545,
2017-09-14,1505347200000,coin_binance_BTC-USDT,BTC-USDT,BTC/USDT,3165.13,3944.0,3189.02,3993.0,1665.021543,
2017-09-15,1505433600000,coin_binance_BTC-USDT,BTC-USDT,BTC/USDT,2817.0,3188.01,3700.0,3856.0,1968.866492,
2017-09-16,1505520000000,coin_binance_BTC-USDT,BTC-USDT,BTC/USDT,3470.66,3674.01,3714.95,3950.0,1297.563953,
2017-09-17,1505606400000,coin_binance_BTC-USDT,BTC-USDT,BTC/USDT,3499.02,3685.23,3699.99,3748.21,682.17121,
2017-09-18,1505692800000,coin_binance_BTC-USDT,BTC-USDT,BTC/USDT,3690.0,3690.0,4035.01,4123.2,1030.006455,
2017-09-19,1505779200000,coin_binance_BTC-USDT,BTC-USDT,BTC/USDT,3830.91,4060.0,3910.04,4089.97,902.332129,
2017-09-20,1505865600000,coin_binance_BTC-USDT,BTC-USDT,BTC/USDT,3820.0,3910.04,3900.0,4046.08,720.935076,
2017-09-21,1505952000000,coin_binance_BTC-USDT,BTC-USDT,BTC/USDT,3567.0,3889.99,3609.99,3910.0,1001.654084,
2017-09-22,1506038400000,coin_binance_BTC-USDT,BTC-USDT,BTC/USDT,3505.55,3592.84,3595.87,3750.0,838.966425,
2017-09-23,1506124800000,coin_binance_BTC-USDT,BTC-USDT,BTC/USDT,3542.91,3595.88,3780.0,3817.19,752.792791,
2017-09-24,1506211200000,coin_binance_BTC-USDT,BTC-USDT,BTC/USDT,3622.76,3779.54,3660.02,3789.99,661.63639,
2017-09-25,1506297600000,coin_binance_BTC-USDT,BTC-USDT,BTC/USDT,3653.69,3660.02,3920.75,3979.87,727.994713,
2017-09-26,1506384000000,coin_binance_BTC-USDT,BTC-USDT,BTC/USDT,3850.05,3928.0,3882.35,3976.99,526.727987,
2017-09-27,1506470400000,coin_binance_BTC-USDT,BTC-USDT,BTC/USDT,3872.81,3882.36,4193.0,4249.94,628.170966,
2017-09-28,1506556800000,coin_binance_BTC-USDT,BTC-USDT,BTC/USDT,4101.0,4192.11,4174.5,4300.0,849.785325,
2017-09-29,1506643200000,coin_binance_BTC-USDT,BTC-USDT,BTC/USDT,3952.01,4178.98,4174.69,4263.86,1602.309565,
2017-09-30,1506729600000,coin_binance_BTC-USDT,BTC-USDT,BTC/USDT,4138.1,4175.0,4378.51,4380.0,720.353183,
2017-10-01,1506816000000,coin_binance_BTC-USDT,BTC-USDT,BTC/USDT,4240.04,4378.49,4378.48,4406.52,726.963685,
2017-10-02,1506902400000,coin_binance_BTC-USDT,BTC-USDT,BTC/USDT,4360.0,4400.0,4380.0,4561.63,655.756974,
2017-10-03,1506988800000,coin_binance_BTC-USDT,BTC-USDT,BTC/USDT,4180.8,4380.0,4310.0,4467.33,1082.323563,
2017-10-04,1507075200000,coin_binance_BTC-USDT,BTC-USDT,BTC/USDT,4142.0,4314.9,4208.59,4373.0,868.465101,
2017-10-05,1507161600000,coin_binance_BTC-USDT,BTC-USDT,BTC/USDT,4110.0,4208.59,4292.43,4355.0,779.138638,
2017-10-06,1507248000000,coin_binance_BTC-USDT,BTC-USDT,BTC/USDT,4292.0,4318.99,4369.0,4417.0,506.529176,
2017-10-07,1507334400000,coin_binance_BTC-USDT,BTC-USDT,BTC/USDT,4312.56,4369.0,4423.0,4479.5,297.5975,
2017-10-08,1507420800000,coin_binance_BTC-USDT,BTC-USDT,BTC/USDT,4425.0,4425.0,4640.0,4658.0,518.462004,
2017-10-09,1507507200000,coin_binance_BTC-USDT,BTC-USDT,BTC/USDT,4550.0,4640.0,4786.95,4889.98,646.463145,
2017-10-10,1507593600000,coin_binance_BTC-USDT,BTC-USDT,BTC/USDT,4680.59,4786.95,4783.06,4960.0,1043.221773,
2017-10-11,1507680000000,coin_binance_BTC-USDT,BTC-USDT,BTC/USDT,4710.0,4783.06,4821.43,4881.61,753.429396,
2017-10-12,1507766400000,coin_binance_BTC-USDT,BTC-USDT,BTC/USDT,4810.16,4821.43,5430.0,5439.99,1276.701482,
2017-10-13,1507852800000,coin_binance_BTC-USDT,BTC-USDT,BTC/USDT,5379.84,5439.99,5649.98,5846.17,1879.82762,
2017-10-14,1507939200000,coin_binance_BTC-USDT,BTC-USDT,BTC/USDT,5580.01,5650.0,5869.99,5900.0,970.759046,
2017-10-15,1508025600000,coin_binance_BTC-USDT,BTC-USDT,BTC/USDT,5400.01,5855.03,5709.99,5922.3,1343.523375,
2017-10-16,1508112000000,coin_binance_BTC-USDT,BTC-USDT,BTC/USDT,5585.19,5710.0,5760.02,5788.91,1528.996462,
2017-10-17,1508198400000,coin_binance_BTC-USDT,BTC-USDT,BTC/USDT,5508.63,5760.0,5595.0,5774.98,1429.869376,
2017-10-18,1508284800000,coin_binance_BTC-USDT,BTC-USDT,BTC/USDT,5037.95,5595.0,5512.06,5596.0,2317.804373,
2017-10-19,1508371200000,coin_binance_BTC-USDT,BTC-USDT,BTC/USDT,5490.26,5513.0,5683.9,5710.0,1881.722107,
2017-10-20,1508457600000,coin_binance_BTC-USDT,BTC-USDT,BTC/USDT,5600.0,5683.31,6010.01,6110.0,1972.97722,
2017-10-21,1508544000000,coin_binance_BTC-USDT,BTC-USDT,BTC/USDT,5850.03,6013.72,6024.97,6171.0,1664.307693,
2017-10-22,1508630400000,coin_binance_BTC-USDT,BTC-USDT,BTC/USDT,5720.03,6003.27,5950.02,6060.0,1362.092216,
2017-10-23,1508716800000,coin_binance_BTC-USDT,BTC-USDT,BTC/USDT,5621.03,5975.0,5915.93,6080.0,1812.557715,
2017-10-24,1508803200000,coin_binance_BTC-USDT,BTC-USDT,BTC/USDT,5450.0,5909.47,5477.03,5925.0,2580.418767,
2017-10-25,1508889600000,coin_binance_BTC-USDT,BTC-USDT,BTC/USDT,5286.98,5506.92,5689.99,5704.96,2282.813205,
2017-10-26,1508976000000,coin_binance_BTC-USDT,BTC-USDT,BTC/USDT,5650.0,5670.1,5861.77,5939.99,1972.965882,
2017-10-27,1509062400000,coin_binance_BTC-USDT,BTC-USDT,BTC/USDT,5649.24,5861.77,5768.83,5980.0,1403.706416,
2017-10-28,1509148800000,coin_binance_BTC-USDT,BTC-USDT,BTC/USDT,5630.03,5768.79,5719.64,5850.02,1276.754412,
2017-10-29,1509235200000,coin_binance_BTC-USDT,BTC-USDT,BTC/USDT,5648.01,5709.98,6169.98,6189.88,1804.778173,
2017-10-30,1509321600000,coin_binance_BTC-USDT,BTC-USDT,BTC/USDT,6030.0,6133.01,6120.5,6248.68,1473.687043,
2017-10-31,1509408000000,coin_binance_BTC-USDT,BTC-USDT,BTC/USDT,6100.0,6120.52,6463.0,6498.01,1511.774925,
2017-11-01,1509494400000,coin_binance_BTC-USDT,BTC-USDT,BTC/USDT,6338.02,6463.0,6753.98,6774.67,1675.615188,
2017-11-02,1509580800000,coin_binance_BTC-USDT,BTC-USDT,BTC/USDT,6685.1,6753.98,7019.98,7300.0,2503.610803,
2017-11-03,1509667200000,coin_binance_BTC-USDT,BTC-USDT,BTC/USDT,6923.0,7010.31,7115.04,7346.34,1891.497592,
2017-11-04,1509753600000,coin_binance_BTC-USDT,BTC-USDT,BTC/USDT,6901.0,7115.02,7357.09,7480.99,1399.191767,
2017-11-05,1509840000000,coin_binance_BTC-USDT,BTC-USDT,BTC/USDT,7279.02,7357.27,7345.01,7590.25,1207.83233,
2017-11-06,1509926400000,coin_binance_BTC-USDT,BTC-USDT,BTC/USDT,6906.0,7345.1,6960.12,7401.0,1763.019261,
2017-11-07,1510012800000,coin_binance_BTC-USDT,BTC-USDT,BTC/USDT,6901.0,6981.72,7064.04,7198.49,1440.259494,
2017-11-08,1510099200000,coin_binance_BTC-USDT,BTC-USDT,BTC/USDT,6651.0,7070.0,7303.0,7770.02,2822.298802,
2017-11-09,1510185600000,coin_binance_BTC-USDT,BTC-USDT,BTC/USDT,7015.0,7303.01,7079.99,7392.0,1913.398308,
2017-11-10,1510272000000,coin_binance_BTC-USDT,BTC-USDT,BTC/USDT,6255.01,7079.0,6506.98,7279.91,3254.704105,
2017-11-11,1510358400000,coin_binance_BTC-USDT,BTC-USDT,BTC/USDT,6100.0,6503.0,6245.05,6797.98,2754.156861,
2017-11-12,1510444800000,coin_binance_BTC-USDT,BTC-USDT,BTC/USDT,5325.01,6245.05,5811.03,6630.0,4968.483069,
2017-11-13,1510531200000,coin_binance_BTC-USDT,BTC-USDT,BTC/USDT,5699.99,5839.94,6465.99,6697.47,2621.243039,
2017-11-14,1510617600000,coin_binance_BTC-USDT,BTC-USDT,BTC/USDT,6311.07,6465.99,6574.99,6684.98,1254.292531,
2017-11-15,1510704000000,coin_binance_BTC-USDT,BTC-USDT,BTC/USDT,6575.99,6575.99,7240.06,7298.0,1779.605845,
2017-11-16,1510790400000,coin_binance_BTC-USDT,BTC-USDT,BTC/USDT,7076.0,7240.14,7864.5,7940.0,2331.95675,
2017-11-17,1510876800000,coin_binance_BTC-USDT,BTC-USDT,BTC/USDT,7451.0,7876.98,7699.19,7989.0,3982.395925,
2017-11-18,1510963200000,coin_binance_BTC-USDT,BTC-USDT,BTC/USDT,7422.0,7680.01,7761.94,7819.99,3954.266477,
2017-11-19,1511049600000,coin_binance_BTC-USDT,BTC-USDT,BTC/USDT,7650.33,7761.94,8038.0,8123.15,3867.340444,
2017-11-20,1511136000000,coin_binance_BTC-USDT,BTC-USDT,BTC/USDT,7954.0,8057.11,8212.0,8319.99,3886.634348,
2017-11-21,1511222400000,coin_binance_BTC-USDT,BTC-USDT,BTC/USDT,7801.0,8212.49,8119.51,8400.0,4544.474016,
2017-11-22,1511308800000,coin_binance_BTC-USDT,BTC-USDT,BTC/USDT,8091.09,8091.09,8205.92,8322.68,3545.00571,
2017-11-23,1511395200000,coin_binance_BTC-USDT,BTC-USDT,BTC/USDT,8000.0,8233.03,8019.99,8260.0,4093.952687,
2017-11-24,1511481600000,coin_binance_BTC-USDT,BTC-USDT,BTC/USDT,7850.0,8019.97,8138.0,8369.0,4411.789112,
2017-11-25,1511568000000,coin_binance_BTC-USDT,BTC-USDT,BTC/USDT,8090.0,8138.99,8700.01,8734.78,4292.623682,
2017-11-26,1511654400000,coin_binance_BTC-USDT,BTC-USDT,BTC/USDT,8604.72,8700.04,9128.02,9350.0,4147.380237,
2017-11-27,1511740800000,coin_binance_BTC-USDT,BTC-USDT,BTC/USDT,9112.04,9128.0,9650.0,9654.28,4521.625707,
2017-11-28,1511827200000,coin_binance_BTC-USDT,BTC-USDT,BTC/USDT,9570.5,9650.0,9896.8,9939.0,4917.210985,
2017-11-29,1511913600000,coin_binance_BTC-USDT,BTC-USDT,BTC/USDT,8520.0,9896.79,9687.88,11300.03,13352.538715,
2017-11-30,1512000000000,coin_binance_BTC-USDT,BTC-USDT,BTC/USDT,8850.8,9687.88,9838.96,10900.0,9389.574329,
2017-12-01,1512086400000,coin_binance_BTC-USDT,BTC-USDT,BTC/USDT,9380.0,9837.0,10782.99,10898.0,6134.923633,
2017-12-02,1512172800000,coin_binance_BTC-USDT,BTC-USDT,BTC/USDT,10620.0,10775.04,10890.01,11190.0,4765.439757,
2017-12-03,1512259200000,coin_binance_BTC-USDT,BTC-USDT,BTC/USDT,10500.0,10902.69,11165.41,11825.0,5346.636524,
2017-12-04,1512345600000,coin_binance_BTC-USDT,BTC-USDT,BTC/USDT,10802.0,11165.41,11579.0,11600.0,4663.424562,
2017-12-05,1512432000000,coin_binance_BTC-USDT,BTC-USDT,BTC/USDT,11447.68,11571.03,11699.99,11853.0,5550.732055,
2017-12-06,1512518400000,coin_binance_BTC-USDT,BTC-USDT,BTC/USDT,11665.58,11699.99,13550.05,13615.23,6707.946319,
2017-12-07,1512604800000,coin_binance_BTC-USDT,BTC-USDT,BTC/USDT,13050.0,13541.01,16599.0,16649.96,7487.065695,
2017-12-08,1512691200000,coin_binance_BTC-USDT,BTC-USDT,BTC/USDT,14015.0,16599.0,15880.0,17204.99,17589.013136,
2017-12-09,1512777600000,coin_binance_BTC-USDT,BTC-USDT,BTC/USDT,12535.0,15880.01,14656.07,16269.3,13918.758687,
2017-12-10,1512864000000,coin_binance_BTC-USDT,BTC-USDT,BTC/USDT,12368.0,14664.01,14899.98,15720.12,16553.037173,
2017-12-11,1512950400000,coin_binance_BTC-USDT,BTC-USDT,BTC/USDT,14901.08,14946.26,16587.97,17470.0,11820.401762,
2017-12-12,1513036800000,coin_binance_BTC-USDT,BTC-USDT,BTC/USDT,15875.0,16587.97,16349.99,16976.45,9436.802411,
2017-12-13,1513123200000,coin_binance_BTC-USDT,BTC-USDT,BTC/USDT,14666.56,16349.99,16033.29,16546.0,12416.328801,
2017-12-14,1513209600000,coin_binance_BTC-USDT,BTC-USDT,BTC/USDT,15450.0,16030.34,16334.98,16445.0,11616.867151,
2017-12-15,1513296000000,coin_binance_BTC-USDT,BTC-USDT,BTC/USDT,16298.45,16334.98,17539.83,17991.0,9181.273947,
2017-12-16,1513382400000,coin_binance_BTC-USDT,BTC-USDT,BTC/USDT,17190.01,17516.81,19102.66,19539.0,4202.628709,
2017-12-17,1513468800000,coin_binance_BTC-USDT,BTC-USDT,BTC/USDT,18510.0,19120.19,18860.02,19798.68,9177.183434,
2017-12-18,1513555200000,coin_binance_BTC-USDT,BTC-USDT,BTC/USDT,17029.98,18860.04,18856.25,19300.0,10624.633071,
2017-12-19,1513641600000,coin_binance_BTC-USDT,BTC-USDT,BTC/USDT,16300.0,18856.25,17295.2,18950.0,13210.74822,
2017-12-20,1513728000000,coin_binance_BTC-USDT,BTC-USDT,BTC/USDT,14777.66,17295.2,16488.98,17720.35,13450.496693,
2017-12-21,1513814400000,coin_binance_BTC-USDT,BTC-USDT,BTC/USDT,14022.0,16480.52,15492.64,17309.5,20324.2173,
2017-12-22,1513900800000,coin_binance_BTC-USDT,BTC-USDT,BTC/USDT,10961.0,15514.03,13326.61,15699.34,36076.271175,
2017-12-23,1513987200000,coin_binance_BTC-USDT,BTC-USDT,BTC/USDT,12978.18,13326.61,13300.0,14950.0,13141.538875,
2017-12-24,1514073600000,coin_binance_BTC-USDT,BTC-USDT,BTC/USDT,11640.0,13300.0,13500.0,13819.99,28557.534988,
2017-12-25,1514160000000,coin_binance_BTC-USDT,BTC-USDT,BTC/USDT,12708.0,13500.0,13699.34,14300.0,15748.207607,
2017-12-26,1514246400000,coin_binance_BTC-USDT,BTC-USDT,BTC/USDT,13533.0,13699.34,15689.01,16050.0,15034.668104,
2017-12-27,1514332800000,coin_binance_BTC-USDT,BTC-USDT,BTC/USDT,14200.15,15709.98,15459.99,16498.05,14959.864723,
2017-12-28,1514419200000,coin_binance_BTC-USDT,BTC-USDT,BTC/USDT,13150.0,15459.97,14182.11,15539.99,21717.858014,
2017-12-29,1514505600000,coin_binance_BTC-USDT,BTC-USDT,BTC/USDT,13850.0,14199.14,14378.9,14981.0,18072.008116,
2017-12-30,1514592000000,coin_binance_BTC-USDT,BTC-USDT,BTC/USDT,11750.0,14378.99,12440.01,14398.85,19221.158039,
2017-12-31,1514678400000,coin_binance_BTC-USDT,BTC-USDT,BTC/USDT,12149.98,12345.1,13716.36,14050.11,11768.989718,
2018-01-01,1514764800000,coin_binance_BTC-USDT,BTC-USDT,BTC/USDT,12750.0,13715.65,13380.0,13818.55,8609.915844,
2018-01-02,1514851200000,coin_binance_BTC-USDT,BTC-USDT,BTC/USDT,12890.02,13382.16,14675.11,15473.49,20078.092111,
2018-01-03,1514937600000,coin_binance_BTC-USDT,BTC-USDT,BTC/USDT,14150.0,14690.0,14919.51,15307.56,15905.667639,
2018-01-04,1515024000000,coin_binance_BTC-USDT,BTC-USDT,BTC/USDT,13918.04,14919.51,15059.54,15280.0,21329.649574,
2018-01-05,1515110400000,coin_binance_BTC-USDT,BTC-USDT,BTC/USDT,14600.0,15059.56,16960.39,17176.24,23251.491125,
2018-01-06,1515196800000,coin_binance_BTC-USDT,BTC-USDT,BTC/USDT,16011.21,16960.39,17069.79,17143.13,18571.457508,
2018-01-07,1515283200000,coin_binance_BTC-USDT,BTC-USDT,BTC/USDT,15610.0,17069.79,16150.03,17099.96,12493.125558,
2018-01-08,1515369600000,coin_binance_BTC-USDT,BTC-USDT,BTC/USDT,12812.0,16218.85,14902.54,16322.3,26600.609912,
2018-01-09,1515456000000,coin_binance_BTC-USDT,BTC-USDT,BTC/USDT,14011.05,14902.54,14400.0,15500.0,14315.004253,
2018-01-10,1515542400000,coin_binance_BTC-USDT,BTC-USDT,BTC/USDT,13131.31,14401.0,14907.09,14955.66,17411.001655,
2018-01-11,1515628800000,coin_binance_BTC-USDT,BTC-USDT,BTC/USDT,11400.0,14940.0,13238.78,14968.68,33554.723751,
2018-01-12,1515715200000,coin_binance_BTC-USDT,BTC-USDT,BTC/USDT,12500.0,13238.76,13740.01,14109.78,16417.162137,
2018-01-13,1515801600000,coin_binance_BTC-USDT,BTC-USDT,BTC/USDT,13706.15,13749.95,14210.0,14580.0,12221.508528,
2018-01-14,1515888000000,coin_binance_BTC-USDT,BTC-USDT,BTC/USDT,12569.2,14210.0,13474.99,14339.5,17017.894329,
2018-01-15,1515974400000,coin_binance_BTC-USDT,BTC-USDT,BTC/USDT,13147.79,13477.98,13539.93,14249.99,14652.094705,
2018-01-16,1516060800000,coin_binance_BTC-USDT,BTC-USDT,BTC/USDT,9035.0,13500.0,10900.0,13542.93,63401.169175,
2018-01-17,1516147200000,coin_binance_BTC-USDT,BTC-USDT,BTC/USDT,9037.94,10899.99,10988.79,11680.99,72331.796646,
2018-01-18,1516233600000,coin_binance_BTC-USDT,BTC-USDT,BTC/USDT,10435.33,10972.59,10961.97,11878.82,48464.434937,
2018-01-19,1516320000000,coin_binance_BTC-USDT,BTC-USDT,BTC/USDT,10360.0,10960.0,11474.98,11795.0,34129.375421,
2018-01-20,1516406400000,coin_binance_BTC-USDT,BTC-USDT,BTC/USDT,11412.45,11474.98,12799.94,13099.0,28768.857827,
2018-01-21,1516492800000,coin_binance_BTC-USDT,BTC-USDT,BTC/USDT,10965.0,12799.8,11530.0,12799.8,41379.773426,
2018-01-22,1516579200000,coin_binance_BTC-USDT,BTC-USDT,BTC/USDT,9900.24,11530.0,10760.05,11926.35,43752.606791,
2018-01-23,1516665600000,coin_binance_BTC-USDT,BTC-USDT,BTC/USDT,9905.0,10760.05,10799.18,11399.0,37473.922552,
2018-01-24,1516752000000,coin_binance_BTC-USDT,BTC-USDT,BTC/USDT,10500.0,10799.14,11349.99,11570.48,27158.587762,
2018-01-25,1516838400000,coin_binance_BTC-USDT,BTC-USDT,BTC/USDT,10950.21,11349.96,11175.27,11794.05,20839.954183,
2018-01-26,1516924800000,coin_binance_BTC-USDT,BTC-USDT,BTC/USDT,10311.15,11184.7,11089.0,11643.0,33056.87196,
2018-01-27,1517011200000,coin_binance_BTC-USDT,BTC-USDT,BTC/USDT,10842.69,11089.0,11491.0,11650.0,18860.768345,
2018-01-28,1517097600000,coin_binance_BTC-USDT,BTC-USDT,BTC/USDT,11408.0,11499.98,11879.95,12244.0,16887.339524,
2018-01-29,1517184000000,coin_binance_BTC-USDT,BTC-USDT,BTC/USDT,11139.55,11879.95,11251.0,11975.02,14170.377538,
2018-01-30,1517270400000,coin_binance_BTC-USDT,BTC-USDT,BTC/USDT,9900.0,11250.11,10237.51,11308.42,25554.372946,
2018-01-31,1517356800000,coin_binance_BTC-USDT,BTC-USDT,BTC/USDT,9700.0,10230.0,10285.1,10425.85,18015.956805,
2018-02-01,1517443200000,coin_binance_BTC-USDT,BTC-USDT,BTC/USDT,8750.99,10285.1,9224.52,10335.0,33564.764311,
2018-02-02,1517529600000,coin_binance_BTC-USDT,BTC-USDT,BTC/USDT,8010.02,9224.52,8873.03,9250.0,49971.626975,
2018-02-03,1517616000000,coin_binance_BTC-USDT,BTC-USDT,BTC/USDT,8229.0,8873.03,9199.96,9473.01,28725.000735,
2018-02-04,1517702400000,coin_binance_BTC-USDT,BTC-USDT,BTC/USDT,7930.0,9199.96,8184.81,9368.0,32014.308449,
2018-02-05,1517788800000,coin_binance_BTC-USDT,BTC-USDT,BTC/USDT,6625.0,8179.99,6939.99,8382.8,63403.182579,
2018-02-06,1517875200000,coin_binance_BTC-USDT,BTC-USDT,BTC/USDT,6000.01,6939.63,7652.14,7878.0,100201.500307,
2018-02-07,1517961600000,coin_binance_BTC-USDT,BTC-USDT,BTC/USDT,7150.01,7655.02,7599.0,8476.0,60778.460497,
2018-02-08,1518048000000,coin_binance_BTC-USDT,BTC-USDT,BTC/USDT,7572.09,7599.0,7784.02,7844.0,1521.537318,
2018-02-09,1518134400000,coin_binance_BTC-USDT,BTC-USDT,BTC/USDT,7789.9,7789.9,8683.92,8738.0,20482.910825,
2018-02-10,1518220800000,coin_binance_BTC-USDT,BTC-USDT,BTC/USDT,8120.0,8683.93,8533.98,9065.78,49381.512653,
2018-02-11,1518307200000,coin_binance_BTC-USDT,BTC-USDT,BTC/USDT,7726.53,8533.99,8063.88,8549.0,45025.187952,
2018-02-12,1518393600000,coin_binance_BTC-USDT,BTC-USDT,BTC/USDT,8053.0,8063.82,8903.0,8989.0,41987.85049,
2018-02-13,1518480000000,coin_binance_BTC-USDT,BTC-USDT,BTC/USDT,8351.0,8903.0,8539.9,8950.0,35454.972956,
2018-02-14,1518566400000,coin_binance_BTC-USDT,BTC-USDT,BTC/USDT,8533.0,8535.17,9449.99,9489.6,40811.952867,
2018-02-15,1518652800000,coin_binance_BTC-USDT,BTC-USDT,BTC/USDT,9301.5,9449.98,10000.09,10219.5,52427.596715,
2018-02-16,1518739200000,coin_binance_BTC-USDT,BTC-USDT,BTC/USDT,9666.0,10000.89,10159.98,10323.37,38161.205974,
2018-02-17,1518825600000,coin_binance_BTC-USDT,BTC-USDT,BTC/USDT,10050.0,10156.07,11039.55,11075.07,41882.108407,
2018-02-18,1518912000000,coin_binance_BTC-USDT,BTC-USDT,BTC/USDT,10080.0,11039.55,10383.43,11274.0,61137.380728,
2018-02-19,1518998400000,coin_binance_BTC-USDT,BTC-USDT,BTC/USDT,10270.33,10375.01,11153.0,11250.0,40831.417131,
2018-02-20,1519084800000,coin_binance_BTC-USDT,BTC-USDT,BTC/USDT,11100.59,11147.11,11200.99,11786.01,48153.354288,
2018-02-21,1519171200000,coin_binance_BTC-USDT,BTC-USDT,BTC/USDT,10200.0,11195.07,10437.6,11304.03,68113.818754,
2018-02-22,1519257600000,coin_binance_BTC-USDT,BTC-USDT,BTC/USDT,9679.0,10439.02,9811.04,10933.44,67060.166483,
2018-02-23,1519344000000,coin_binance_BTC-USDT,BTC-USDT,BTC/USDT,9570.19,9815.55,10131.04,10435.0,57202.70237,
2018-02-24,1519430400000,coin_binance_BTC-USDT,BTC-USDT,BTC/USDT,9352.0,10131.04,9694.51,10496.97,40888.156299,
2018-02-25,1519516800000,coin_binance_BTC-USDT,BTC-USDT,BTC/USDT,9274.8,9694.51,9590.0,9847.0,28373.517586,
2018-02-26,1519603200000,coin_binance_BTC-USDT,BTC-USDT,BTC/USDT,9350.0,9590.0,10324.0,10444.32,34878.292756,
2018-02-27,1519689600000,coin_binance_BTC-USDT,BTC-USDT,BTC/USDT,10121.0,10321.0,10569.04,10870.0,30705.385123,
2018-02-28,1519776000000,coin_binance_BTC-USDT,BTC-USDT,BTC/USDT,10300.0,10584.33,10326.76,11098.0,30800.983782,
2018-03-01,1519862400000,coin_binance_BTC-USDT,BTC-USDT,BTC/USDT,10240.0,10325.64,10920.0,11060.41,25092.55393,
2018-03-02,1519948800000,coin_binance_BTC-USDT,BTC-USDT,BTC/USDT,10770.0,10923.36,11039.0,11200.0,23910.71009,
2018-03-03,1520035200000,coin_binance_BTC-USDT,BTC-USDT,BTC/USDT,11015.01,11038.99,11464.48,11544.0,21287.15328,
2018-03-04,1520121600000,coin_binance_BTC-USDT,BTC-USDT,BTC/USDT,11050.02,11464.47,11515.0,11565.0,17295.918653,
2018-03-05,1520208000000,coin_binance_BTC-USDT,BTC-USDT,BTC/USDT,11415.01,11515.0,11454.0,11710.0,15144.231063,
2018-03-06,1520294400000,coin_binance_BTC-USDT,BTC-USDT,BTC/USDT,10555.48,11455.0,10716.48,11455.0,29515.572363,
2018-03-07,1520380800000,coin_binance_BTC-USDT,BTC-USDT,BTC/USDT,9389.31,10716.48,9910.0,10899.0,50647.67108,
2018-03-08,1520467200000,coin_binance_BTC-USDT,BTC-USDT,BTC/USDT,9060.0,9910.0,9271.64,10099.0,41109.473226,
2018-03-09,1520553600000,coin_binance_BTC-USDT,BTC-USDT,BTC/USDT,8329.0,9267.07,9227.0,9410.0,64112.291407,
2018-03-10,1520640000000,coin_binance_BTC-USDT,BTC-USDT,BTC/USDT,8667.07,9230.0,8770.22,9490.0,37180.012857,
2018-03-11,1520726400000,coin_binance_BTC-USDT,BTC-USDT,BTC/USDT,8450.0,8770.22,9533.57,9740.0,44325.973386,
2018-03-12,1520812800000,coin_binance_BTC-USDT,BTC-USDT,BTC/USDT,8780.0,9533.57,9131.34,9888.88,42230.77793,
2018-03-13,1520899200000,coin_binance_BTC-USDT,BTC-USDT,BTC/USDT,8823.0,9131.34,9150.0,9474.0,40191.409358,
2018-03-14,1520985600000,coin_binance_BTC-USDT,BTC-USDT,BTC/USDT,7900.28,9151.92,8170.0,9333.78,49708.094108,
2018-03-15,1521072000000,coin_binance_BTC-USDT,BTC-USDT,BTC/USDT,7650.0,8184.01,8240.98,8430.0,52291.022277,
2018-03-16,1521158400000,coin_binance_BTC-USDT,BTC-USDT,BTC/USDT,7900.0,8240.98,8260.0,8611.64,38815.409893,
2018-03-17,1521244800000,coin_binance_BTC-USDT,BTC-USDT,BTC/USDT,7721.99,8260.0,7824.8,8348.62,33110.206329,
2018-03-18,1521331200000,coin_binance_BTC-USDT,BTC-USDT,BTC/USDT,7322.0,7824.01,8189.99,8317.4,59488.231711,
2018-03-19,1521417600000,coin_binance_BTC-USDT,BTC-USDT,BTC/USDT,8088.4,8189.0,8600.0,8705.23,55297.084942,
2018-03-20,1521504000000,coin_binance_BTC-USDT,BTC-USDT,BTC/USDT,8280.0,8595.01,8909.98,9050.0,44865.105835,
2018-03-21,1521590400000,coin_binance_BTC-USDT,BTC-USDT,BTC/USDT,8750.6,8909.96,8885.0,9177.01,39972.405371,
2018-03-22,1521676800000,coin_binance_BTC-USDT,BTC-USDT,BTC/USDT,8465.1,8884.82,8722.9,9100.0,40617.556809,
2018-03-23,1521763200000,coin_binance_BTC-USDT,BTC-USDT,BTC/USDT,8269.0,8720.0,8898.03,8909.0,39991.007666,
2018-03-24,1521849600000,coin_binance_BTC-USDT,BTC-USDT,BTC/USDT,8491.0,8898.04,8546.86,8999.95,35466.609572,
2018-03-25,1521936000000,coin_binance_BTC-USDT,BTC-USDT,BTC/USDT,8365.77,8531.25,8470.15,8669.85,29001.769316,
2018-03-26,1522022400000,coin_binance_BTC-USDT,BTC-USDT,BTC/USDT,7831.0,8470.14,8134.23,8514.89,44033.59566,
2018-03-27,1522108800000,coin_binance_BTC-USDT,BTC-USDT,BTC/USDT,7730.0,8134.22,7795.51,8215.94,37427.64805,
2018-03-28,1522195200000,coin_binance_BTC-USDT,BTC-USDT,BTC/USDT,7728.0,7795.51,7949.3,8109.0,26401.33167,
2018-03-29,1522281600000,coin_binance_BTC-USDT,BTC-USDT,BTC/USDT,6941.11,7949.3,7090.14,7975.0,54620.915125,
2018-03-30,1522368000000,coin_binance_BTC-USDT,BTC-USDT,BTC/USDT,6600.1,7090.16,6840.23,7292.43,65306.031976,
2018-03-31,1522454400000,coin_binance_BTC-USDT,BTC-USDT,BTC/USDT,6777.0,6840.24,6923.91,7223.36,36868.539087,
2018-04-01,1522540800000,coin_binance_BTC-USDT,BTC-USDT,BTC/USDT,6430.0,6922.0,6813.01,7049.98,44071.430463,
2018-04-02,1522627200000,coin_binance_BTC-USDT,BTC-USDT,BTC/USDT,6765.0,6813.01,7056.0,7125.0,32123.560072,
2018-04-03,1522713600000,coin_binance_BTC-USDT,BTC-USDT,BTC/USDT,7011.01,7063.97,7405.21,7520.0,37787.331811,
2018-04-04,1522800000000,coin_binance_BTC-USDT,BTC-USDT,BTC/USDT,6707.0,7405.21,6796.1,7427.52,42227.183804,
2018-04-05,1522886400000,coin_binance_BTC-USDT,BTC-USDT,BTC/USDT,6566.69,6796.1,6770.76,6902.0,39029.73146,
2018-04-06,1522972800000,coin_binance_BTC-USDT,BTC-USDT,BTC/USDT,6500.0,6770.0,6601.39,6850.0,27455.01192,
2018-04-07,1523059200000,coin_binance_BTC-USDT,BTC-USDT,BTC/USDT,6586.28,6601.39,6895.8,7070.0,32269.578267,
2018-04-08,1523145600000,coin_binance_BTC-USDT,BTC-USDT,BTC/USDT,6880.0,6895.81,7018.0,7109.13,21427.673165,
2018-04-09,1523232000000,coin_binance_BTC-USDT,BTC-USDT,BTC/USDT,6611.0,7011.04,6782.72,7185.0,34078.297206,
2018-04-10,1523318400000,coin_binance_BTC-USDT,BTC-USDT,BTC/USDT,6656.0,6781.55,6843.9,6890.0,22326.728095,
2018-04-11,1523404800000,coin_binance_BTC-USDT,BTC-USDT,BTC/USDT,6787.0,6839.56,6953.79,6990.0,23997.871177,
2018-04-12,1523491200000,coin_binance_BTC-USDT,BTC-USDT,BTC/USDT,6743.2,6953.78,7923.0,8012.23,64861.595987,
2018-04-13,1523577600000,coin_binance_BTC-USDT,BTC-USDT,BTC/USDT,7732.0,7922.99,7877.41,8233.39,55044.523148,
2018-04-14,1523664000000,coin_binance_BTC-USDT,BTC-USDT,BTC/USDT,7810.0,7877.48,7999.01,8186.0,31621.286357,
2018-04-15,1523750400000,coin_binance_BTC-USDT,BTC-USDT,BTC/USDT,7999.02,8004.0,8355.0,8429.54,27946.720444,
2018-04-16,1523836800000,coin_binance_BTC-USDT,BTC-USDT,BTC/USDT,7867.0,8355.07,8064.92,8419.0,36664.069715,
2018-04-17,1523923200000,coin_binance_BTC-USDT,BTC-USDT,BTC/USDT,7825.4,8064.92,7885.02,8173.7,32152.603567,
2018-04-18,1524009600000,coin_binance_BTC-USDT,BTC-USDT,BTC/USDT,7868.0,7890.96,8173.0,8236.43,26969.04457,
2018-04-19,1524096000000,coin_binance_BTC-USDT,BTC-USDT,BTC/USDT,8080.0,8173.99,8278.0,8296.0,27113.847464,
2018-04-20,1524182400000,coin_binance_BTC-USDT,BTC-USDT,BTC/USDT,8177.09,8273.84,8856.98,8930.0,39795.337485,
2018-04-21,1524268800000,coin_binance_BTC-USDT,BTC-USDT,BTC/USDT,8565.0,8852.12,8915.31,9035.0,40872.229909,
2018-04-22,1524355200000,coin_binance_BTC-USDT,BTC-USDT,BTC/USDT,8727.68,8915.31,8787.02,9020.67,29458.25348,
2018-04-23,1524441600000,coin_binance_BTC-USDT,BTC-USDT,BTC/USDT,8745.0,8785.7,8934.01,8985.0,25838.114709,
2018-04-24,1524528000000,coin_binance_BTC-USDT,BTC-USDT,BTC/USDT,8922.0,8934.0,9619.99,9731.01,46268.790106,
2018-04-25,1524614400000,coin_binance_BTC-USDT,BTC-USDT,BTC/USDT,8730.0,9618.96,8869.99,9759.82,81110.037589,
2018-04-26,1524700800000,coin_binance_BTC-USDT,BTC-USDT,BTC/USDT,8651.62,8869.99,9266.0,9307.48,43300.304245,
2018-04-27,1524787200000,coin_binance_BTC-USDT,BTC-USDT,BTC/USDT,8889.0,9267.03,8915.35,9395.0,37241.347036,
2018-04-28,1524873600000,coin_binance_BTC-USDT,BTC-USDT,BTC/USDT,8870.0,8915.35,9348.0,9427.48,34759.62842,
2018-04-29,1524960000000,coin_binance_BTC-USDT,BTC-USDT,BTC/USDT,9163.74,9348.0,9419.0,9570.51,38149.850035,
2018-04-30,1525046400000,coin_binance_BTC-USDT,BTC-USDT,BTC/USDT,9124.99,9417.04,9246.01,9458.64,35002.033875,
2018-05-01,1525132800000,coin_binance_BTC-USDT,BTC-USDT,BTC/USDT,8800.49,9246.01,9071.48,9248.99,41018.463633,
2018-05-02,1525219200000,coin_binance_BTC-USDT,BTC-USDT,BTC/USDT,8970.2,9071.48,9247.84,9268.0,26123.543961,
2018-05-03,1525305600000,coin_binance_BTC-USDT,BTC-USDT,BTC/USDT,9168.4,9247.81,9750.0,9844.0,38768.388288,
2018-05-04,1525392000000,coin_binance_BTC-USDT,BTC-USDT,BTC/USDT,9520.85,9750.0,9713.99,9830.04,28681.588879,
2018-05-05,1525478400000,coin_binance_BTC-USDT,BTC-USDT,BTC/USDT,9682.0,9714.0,9864.0,10020.0,24990.018345,
2018-05-06,1525564800000,coin_binance_BTC-USDT,BTC-USDT,BTC/USDT,9417.03,9863.99,9659.01,9970.0,27690.351559,
2018-05-07,1525651200000,coin_binance_BTC-USDT,BTC-USDT,BTC/USDT,9181.0,9661.02,9365.0,9689.67,33787.640012,
2018-05-08,1525737600000,coin_binance_BTC-USDT,BTC-USDT,BTC/USDT,9060.54,9365.0,9187.56,9475.7,25533.831889,
2018-05-09,1525824000000,coin_binance_BTC-USDT,BTC-USDT,BTC/USDT,8965.0,9178.0,9310.0,9390.0,25673.524899,
2018-05-10,1525910400000,coin_binance_BTC-USDT,BTC-USDT,BTC/USDT,8970.0,9310.0,9002.2,9395.12,25055.063718,
2018-05-11,1525996800000,coin_binance_BTC-USDT,BTC-USDT,BTC/USDT,8341.0,9002.21,8400.0,9016.8,48227.048061,
2018-05-12,1526083200000,coin_binance_BTC-USDT,BTC-USDT,BTC/USDT,8153.0,8405.94,8465.94,8646.88,40241.32081,
2018-05-13,1526169600000,coin_binance_BTC-USDT,BTC-USDT,BTC/USDT,8298.0,8475.44,8679.71,8763.36,25632.869362,
2018-05-14,1526256000000,coin_binance_BTC-USDT,BTC-USDT,BTC/USDT,8277.0,8679.71,8663.34,8879.99,37389.666533,
2018-05-15,1526342400000,coin_binance_BTC-USDT,BTC-USDT,BTC/USDT,8401.3,8663.37,8462.0,8859.99,28126.956136,
2018-05-16,1526428800000,coin_binance_BTC-USDT,BTC-USDT,BTC/USDT,8083.01,8462.0,8330.0,8488.0,31130.718908,
2018-05-17,1526515200000,coin_binance_BTC-USDT,BTC-USDT,BTC/USDT,7979.0,8330.0,8041.46,8464.0,25439.844799,
2018-05-18,1526601600000,coin_binance_BTC-USDT,BTC-USDT,BTC/USDT,7911.9,8038.82,8239.81,8273.21,23476.158251,
2018-05-19,1526688000000,coin_binance_BTC-USDT,BTC-USDT,BTC/USDT,8095.73,8238.01,8233.49,8390.8,17193.424276,
2018-05-20,1526774400000,coin_binance_BTC-USDT,BTC-USDT,BTC/USDT,8163.9,8233.49,8526.98,8609.0,19957.057109,
2018-05-21,1526860800000,coin_binance_BTC-USDT,BTC-USDT,BTC/USDT,8305.0,8526.97,8381.24,8595.31,21516.596486,
2018-05-22,1526947200000,coin_binance_BTC-USDT,BTC-USDT,BTC/USDT,7935.11,8386.89,7977.11,8400.18,23710.902858,
2018-05-23,1527033600000,coin_binance_BTC-USDT,BTC-USDT,BTC/USDT,7425.0,7977.12,7501.95,8031.9,42910.666774,
2018-05-24,1527120000000,coin_binance_BTC-USDT,BTC-USDT,BTC/USDT,7266.99,7501.95,7575.01,7730.73,37845.446595,
2018-05-25,1527206400000,coin_binance_BTC-USDT,BTC-USDT,BTC/USDT,7308.15,7578.99,7457.0,7649.55,26739.95664,
2018-05-26,1527292800000,coin_binance_BTC-USDT,BTC-USDT,BTC/USDT,7300.0,7456.99,7333.96,7620.0,19464.086071,
2018-05-27,1527379200000,coin_binance_BTC-USDT,BTC-USDT,BTC/USDT,7231.11,7334.0,7338.99,7400.0,18706.945515,
2018-05-28,1527465600000,coin_binance_BTC-USDT,BTC-USDT,BTC/USDT,7058.02,7338.99,7099.0,7437.0,27219.438963,
2018-05-29,1527552000000,coin_binance_BTC-USDT,BTC-USDT,BTC/USDT,7032.95,7099.0,7461.29,7540.0,39407.21183,
2018-05-30,1527638400000,coin_binance_BTC-USDT,BTC-USDT,BTC/USDT,7260.5,7467.98,7375.96,7569.0,32041.583623,
2018-05-31,1527724800000,coin_binance_BTC-USDT,BTC-USDT,BTC/USDT,7327.51,7382.07,7485.01,7699.0,30776.063102,
2018-06-01,1527811200000,coin_binance_BTC-USDT,BTC-USDT,BTC/USDT,7355.54,7485.01,7521.01,7608.55,28259.124078,
2018-06-02,1527897600000,coin_binance_BTC-USDT,BTC-USDT,BTC/USDT,7437.0,7521.01,7640.03,7697.33,26720.690219,
2018-06-03,1527984000000,coin_binance_BTC-USDT,BTC-USDT,BTC/USDT,7600.0,7636.81,7714.26,7786.69,27505.158951,
2018-06-04,1528070400000,coin_binance_BTC-USDT,BTC-USDT,BTC/USDT,7446.5,7714.26,7487.0,7760.52,32258.835115,
2018-06-05,1528156800000,coin_binance_BTC-USDT,BTC-USDT,BTC/USDT,7358.0,7487.0,7625.0,7679.49,31722.973384,
2018-06-06,1528243200000,coin_binance_BTC-USDT,BTC-USDT,BTC/USDT,7467.05,7626.64,7658.84,7699.0,27229.991898,
2018-06-07,1528329600000,coin_binance_BTC-USDT,BTC-USDT,BTC/USDT,7620.0,7658.79,7691.08,7765.0,25062.227202,
2018-06-08,1528416000000,coin_binance_BTC-USDT,BTC-USDT,BTC/USDT,7531.0,7691.08,7603.44,7703.5,23396.804671,
2018-06-09,1528502400000,coin_binance_BTC-USDT,BTC-USDT,BTC/USDT,7450.0,7603.44,7491.73,7683.98,19339.885176,
2018-06-10,1528588800000,coin_binance_BTC-USDT,BTC-USDT,BTC/USDT,6622.81,7491.73,6764.99,7491.73,52342.020032,
2018-06-11,1528675200000,coin_binance_BTC-USDT,BTC-USDT,BTC/USDT,6610.0,6765.0,6872.0,6922.0,34552.162303,
2018-06-12,1528761600000,coin_binance_BTC-USDT,BTC-USDT,BTC/USDT,6435.0,6872.0,6530.0,6890.51,36722.211191,
2018-06-13,1528848000000,coin_binance_BTC-USDT,BTC-USDT,BTC/USDT,6118.68,6530.0,6292.78,6627.6,46185.5181,
2018-06-14,1528934400000,coin_binance_BTC-USDT,BTC-USDT,BTC/USDT,6260.0,6292.78,6635.98,6720.0,44478.130837,
2018-06-15,1529020800000,coin_binance_BTC-USDT,BTC-USDT,BTC/USDT,6362.31,6638.67,6388.9,6666.66,30018.329905,
2018-06-16,1529107200000,coin_binance_BTC-USDT,BTC-USDT,BTC/USDT,6320.86,6380.01,6483.98,6560.0,22277.241147,
2018-06-17,1529193600000,coin_binance_BTC-USDT,BTC-USDT,BTC/USDT,6422.0,6482.5,6449.61,6589.03,19847.247688,
2018-06-18,1529280000000,coin_binance_BTC-USDT,BTC-USDT,BTC/USDT,6380.0,6444.06,6712.46,6794.38,31821.434995,
2018-06-19,1529366400000,coin_binance_BTC-USDT,BTC-USDT,BTC/USDT,6653.0,6711.39,6741.21,6841.74,24311.421143,
2018-06-20,1529452800000,coin_binance_BTC-USDT,BTC-USDT,BTC/USDT,6551.81,6740.0,6761.51,6817.23,26359.752452,
2018-06-21,1529539200000,coin_binance_BTC-USDT,BTC-USDT,BTC/USDT,6672.57,6763.21,6718.84,6795.0,25428.854048,
2018-06-22,1529625600000,coin_binance_BTC-USDT,BTC-USDT,BTC/USDT,5918.94,6717.69,6045.0,6733.97,52157.370833,
2018-06-23,1529712000000,coin_binance_BTC-USDT,BTC-USDT,BTC/USDT,6008.48,6045.92,6149.98,6260.0,26622.788589,
2018-06-24,1529798400000,coin_binance_BTC-USDT,BTC-USDT,BTC/USDT,5750.0,6149.98,6136.97,6259.8,47445.998955,
2018-06-25,1529884800000,coin_binance_BTC-USDT,BTC-USDT,BTC/USDT,6061.97,6137.95,6252.0,6350.0,39164.515306,
2018-06-26,1529971200000,coin_binance_BTC-USDT,BTC-USDT,BTC/USDT,6035.0,6252.0,6070.78,6272.54,19377.240484,
2018-06-27,1530057600000,coin_binance_BTC-USDT,BTC-USDT,BTC/USDT,5971.0,6065.89,6133.73,6190.43,19225.671098,
2018-06-28,1530144000000,coin_binance_BTC-USDT,BTC-USDT,BTC/USDT,5827.0,6134.73,5853.98,6173.01,30585.266026,
2018-06-29,1530230400000,coin_binance_BTC-USDT,BTC-USDT,BTC/USDT,5780.0,5851.01,6197.92,6300.0,33911.287278,
2018-06-30,1530316800000,coin_binance_BTC-USDT,BTC-USDT,BTC/USDT,6186.03,6197.92,6390.07,6528.99,37919.61284,
2018-07-01,1530403200000,coin_binance_BTC-USDT,BTC-USDT,BTC/USDT,6251.0,6391.08,6356.81,6441.06,27562.965974,
2018-07-02,1530489600000,coin_binance_BTC-USDT,BTC-USDT,BTC/USDT,6271.62,6360.82,6615.29,6685.0,36230.452264,
2018-07-03,1530576000000,coin_binance_BTC-USDT,BTC-USDT,BTC/USDT,6463.01,6615.29,6513.86,6679.35,38657.781691,
2018-07-04,1530662400000,coin_binance_BTC-USDT,BTC-USDT,BTC/USDT,6441.11,6511.01,6586.98,6784.92,23571.892777,
2018-07-05,1530748800000,coin_binance_BTC-USDT,BTC-USDT,BTC/USDT,6453.33,6585.53,6529.2,6712.0,35071.972898,
2018-07-06,1530835200000,coin_binance_BTC-USDT,BTC-USDT,BTC/USDT,6425.0,6529.2,6609.78,6648.54,29397.094748,
2018-07-07,1530921600000,coin_binance_BTC-USDT,BTC-USDT,BTC/USDT,6508.88,6609.79,6756.98,6818.16,23973.876886,
2018-07-08,1531008000000,coin_binance_BTC-USDT,BTC-USDT,BTC/USDT,6667.44,6753.48,6712.1,6780.0,24622.947794,
2018-07-09,1531094400000,coin_binance_BTC-USDT,BTC-USDT,BTC/USDT,6612.24,6712.1,6662.12,6802.06,26732.40655,
2018-07-10,1531180800000,coin_binance_BTC-USDT,BTC-USDT,BTC/USDT,6263.0,6662.78,6296.91,6681.0,38560.672702,
2018-07-11,1531267200000,coin_binance_BTC-USDT,BTC-USDT,BTC/USDT,6278.99,6296.91,6378.07,6406.0,28715.498487,
2018-07-12,1531353600000,coin_binance_BTC-USDT,BTC-USDT,BTC/USDT,6070.0,6378.07,6250.57,6380.28,31306.663348,
2018-07-13,1531440000000,coin_binance_BTC-USDT,BTC-USDT,BTC/USDT,6110.0,6251.4,6214.57,6350.0,26375.325286,
2018-07-14,1531526400000,coin_binance_BTC-USDT,BTC-USDT,BTC/USDT,6178.0,6214.57,6251.99,6335.0,17783.071999,
2018-07-15,1531612800000,coin_binance_BTC-USDT,BTC-USDT,BTC/USDT,6225.4,6250.9,6353.01,6395.0,22979.211508,
2018-07-16,1531699200000,coin_binance_BTC-USDT,BTC-USDT,BTC/USDT,6330.4,6354.15,6723.35,6747.3,36204.87708,
2018-07-17,1531785600000,coin_binance_BTC-USDT,BTC-USDT,BTC/USDT,6652.04,6723.33,7317.44,7468.99,52105.423459,
2018-07-18,1531872000000,coin_binance_BTC-USDT,BTC-USDT,BTC/USDT,7225.38,7317.44,7381.9,7588.08,59487.64345,
2018-07-19,1531958400000,coin_binance_BTC-USDT,BTC-USDT,BTC/USDT,7270.0,7381.88,7466.21,7576.28,41218.256437,
2018-07-20,1532044800000,coin_binance_BTC-USDT,BTC-USDT,BTC/USDT,7273.0,7468.86,7337.53,7700.0,46140.313447,
2018-07-21,1532131200000,coin_binance_BTC-USDT,BTC-USDT,BTC/USDT,7211.0,7337.47,7398.78,7458.47,28886.490291,
2018-07-22,1532217600000,coin_binance_BTC-USDT,BTC-USDT,BTC/USDT,7335.5,7399.25,7394.79,7582.4,30270.21844,
2018-07-23,1532304000000,coin_binance_BTC-USDT,BTC-USDT,BTC/USDT,7375.0,7394.78,7721.01,7833.0,41646.346671,
2018-07-24,1532390400000,coin_binance_BTC-USDT,BTC-USDT,BTC/USDT,7696.0,7721.65,8397.24,8486.0,60121.163749,
2018-07-25,1532476800000,coin_binance_BTC-USDT,BTC-USDT,BTC/USDT,8050.0,8397.24,8175.64,8491.77,48257.649124,
2018-07-26,1532563200000,coin_binance_BTC-USDT,BTC-USDT,BTC/USDT,7850.06,8175.63,7920.0,8315.69,43223.481682,
2018-07-27,1532649600000,coin_binance_BTC-USDT,BTC-USDT,BTC/USDT,7805.0,7920.0,8188.57,8285.0,43671.005891,
2018-07-28,1532736000000,coin_binance_BTC-USDT,BTC-USDT,BTC/USDT,8067.0,8188.57,8225.04,8246.54,26215.173839,
2018-07-29,1532822400000,coin_binance_BTC-USDT,BTC-USDT,BTC/USDT,8115.0,8225.04,8211.0,8294.51,25531.226185,
2018-07-30,1532908800000,coin_binance_BTC-USDT,BTC-USDT,BTC/USDT,7866.0,8210.99,8173.92,8273.0,39692.416542,
2018-07-31,1532995200000,coin_binance_BTC-USDT,BTC-USDT,BTC/USDT,7633.0,8171.4,7730.93,8180.0,48296.915587,
2018-08-01,1533081600000,coin_binance_BTC-USDT,BTC-USDT,BTC/USDT,7430.0,7735.67,7604.58,7750.0,42582.312932,
2018-08-02,1533168000000,coin_binance_BTC-USDT,BTC-USDT,BTC/USDT,7455.72,7600.08,7525.71,7709.46,37665.696684,
2018-08-03,1533254400000,coin_binance_BTC-USDT,BTC-USDT,BTC/USDT,7282.44,7525.71,7418.78,7540.0,44669.486047,
2018-08-04,1533340800000,coin_binance_BTC-USDT,BTC-USDT,BTC/USDT,6926.0,7412.27,7009.84,7494.81,36288.42601,
2018-08-05,1533427200000,coin_binance_BTC-USDT,BTC-USDT,BTC/USDT,6882.29,7009.84,7024.19,7089.87,32894.849782,
2018-08-06,1533513600000,coin_binance_BTC-USDT,BTC-USDT,BTC/USDT,6821.0,7024.19,6934.82,7160.0,32760.191643,
2018-08-07,1533600000000,coin_binance_BTC-USDT,BTC-USDT,BTC/USDT,6670.0,6935.0,6720.06,7150.46,45438.473501,
2018-08-08,1533686400000,coin_binance_BTC-USDT,BTC-USDT,BTC/USDT,6123.0,6720.63,6285.0,6721.54,59550.536319,
2018-08-09,1533772800000,coin_binance_BTC-USDT,BTC-USDT,BTC/USDT,6178.6,6283.27,6529.79,6622.81,51941.185111,
2018-08-10,1533859200000,coin_binance_BTC-USDT,BTC-USDT,BTC/USDT,6026.39,6529.79,6144.01,6575.88,59034.974902,
2018-08-11,1533945600000,coin_binance_BTC-USDT,BTC-USDT,BTC/USDT,5971.0,6148.13,6232.35,6488.0,47133.418555,
2018-08-12,1534032000000,coin_binance_BTC-USDT,BTC-USDT,BTC/USDT,6130.0,6222.55,6308.33,6472.3,38567.770712,
2018-08-13,1534118400000,coin_binance_BTC-USDT,BTC-USDT,BTC/USDT,6145.04,6308.56,6246.35,6545.0,53895.828783,
2018-08-14,1534204800000,coin_binance_BTC-USDT,BTC-USDT,BTC/USDT,5880.0,6248.25,6188.08,6250.33,50186.745091,
2018-08-15,1534291200000,coin_binance_BTC-USDT,BTC-USDT,BTC/USDT,6172.11,6188.08,6267.16,6609.0,68806.687026,
2018-08-16,1534377600000,coin_binance_BTC-USDT,BTC-USDT,BTC/USDT,6205.6,6265.27,6311.75,6480.0,48515.254618,
2018-08-17,1534464000000,coin_binance_BTC-USDT,BTC-USDT,BTC/USDT,6285.4,6316.0,6584.49,6585.0,57851.610803,
2018-08-18,1534550400000,coin_binance_BTC-USDT,BTC-USDT,BTC/USDT,6288.0,6579.04,6387.96,6620.0,53742.322172,
2018-08-19,1534636800000,coin_binance_BTC-USDT,BTC-USDT,BTC/USDT,6300.0,6387.96,6477.53,6541.0,45190.847994,
2018-08-20,1534723200000,coin_binance_BTC-USDT,BTC-USDT,BTC/USDT,6220.0,6477.53,6254.84,6530.0,49435.55526,
2018-08-21,1534809600000,coin_binance_BTC-USDT,BTC-USDT,BTC/USDT,6235.08,6251.0,6480.0,6500.0,41569.947408,
2018-08-22,1534896000000,coin_binance_BTC-USDT,BTC-USDT,BTC/USDT,6251.2,6479.98,6360.89,6882.54,77909.391359,
2018-08-23,1534982400000,coin_binance_BTC-USDT,BTC-USDT,BTC/USDT,6342.28,6362.57,6525.01,6576.99,40358.166825,
2018-08-24,1535068800000,coin_binance_BTC-USDT,BTC-USDT,BTC/USDT,6440.5,6525.0,6681.64,6725.0,38305.675322,
2018-08-25,1535155200000,coin_binance_BTC-USDT,BTC-USDT,BTC/USDT,6650.61,6686.98,6733.64,6789.0,19220.505929,
2018-08-26,1535241600000,coin_binance_BTC-USDT,BTC-USDT,BTC/USDT,6568.0,6733.64,6700.0,6775.27,20107.297208,
2018-08-27,1535328000000,coin_binance_BTC-USDT,BTC-USDT,BTC/USDT,6646.5,6700.0,6908.64,6940.51,37747.078747,
2018-08-28,1535414400000,coin_binance_BTC-USDT,BTC-USDT,BTC/USDT,6860.0,6907.26,7076.11,7135.0,48352.917163,
