timestamp,code,name,low,open,close,high,volume,turnover,securityId,preClose,change,changePct,openInterest,settlement,preSettlement,change1,changePct1
20150518,rb1605,螺纹钢rb,2461.0,2485.0,2464.0,2485.0,936.0,2310.306,future_shfe_rb1605,2453.0,11.0,0.004484304932735426,598.0,2468.0,2453.0,15.0,0.006114961271911945
20150519,rb1605,螺纹钢rb,2444.0,2461.0,2448.0,2466.0,3266.0,8029.598,future_shfe_rb1605,2464.0,-20.0,-0.008116883116883116,2838.0,2458.0,2468.0,-10.0,-0.004051863857374392
20150520,rb1605,螺纹钢rb,2410.0,2444.0,2417.0,2449.0,2934.0,7115.83,future_shfe_rb1605,2448.0,-41.0,-0.016748366013071895,3942.0,2425.0,2458.0,-33.0,-0.013425549227013833
20150521,rb1605,螺纹钢rb,2418.0,2418.0,2436.0,2440.0,3164.0,7700.164,future_shfe_rb1605,2417.0,11.0,0.004551096400496483,4512.0,2433.0,2425.0,8.0,0.0032989690721649486
20150522,rb1605,螺纹钢rb,2424.0,2435.0,2445.0,2447.0,4562.0,11096.926,future_shfe_rb1605,2436.0,12.0,0.0049261083743842365,7590.0,2432.0,2433.0,-1.0,-0.0004110152075626798
20150525,rb1605,螺纹钢rb,2433.0,2439.0,2449.0,2450.0,2576.0,6291.416,future_shfe_rb1605,2445.0,17.0,0.006952965235173824,8190.0,2442.0,2432.0,10.0,0.004111842105263158
20150526,rb1605,螺纹钢rb,2446.0,2446.0,2464.0,2479.0,7156.0,17653.264,future_shfe_rb1605,2449.0,22.0,0.00898325847284606,11652.0,2466.0,2442.0,24.0,0.009828009828009828
20150527,rb1605,螺纹钢rb,2458.0,2458.0,2469.0,2473.0,3980.0,9810.184,future_shfe_rb1605,2464.0,3.0,0.0012175324675324675,13324.0,2464.0,2466.0,-2.0,-0.0008110300081103001
20150528,rb1605,螺纹钢rb,2459.0,2460.0,2469.0,2485.0,3952.0,9773.298,future_shfe_rb1605,2469.0,5.0,0.002025111381125962,14060.0,2473.0,2464.0,9.0,0.0036525974025974025
20150529,rb1605,螺纹钢rb,2455.0,2466.0,2483.0,2485.0,4132.0,10205.07,future_shfe_rb1605,2469.0,10.0,0.004050222762251924,15918.0,2469.0,2473.0,-4.0,-0.0016174686615446825
20150601,rb1605,螺纹钢rb,2483.0,2488.0,2508.0,2514.0,11712.0,29293.314,future_shfe_rb1605,2483.0,39.0,0.015706806282722512,22096.0,2501.0,2469.0,32.0,0.012960712839206157
20150602,rb1605,螺纹钢rb,2497.0,2510.0,2508.0,2510.0,3994.0,9996.052,future_shfe_rb1605,2508.0,7.0,0.0027910685805422647,21802.0,2502.0,2501.0,1.0,0.00039984006397441024
20150603,rb1605,螺纹钢rb,2481.0,2508.0,2481.0,2512.0,4418.0,11029.732,future_shfe_rb1605,2508.0,-21.0,-0.008373205741626795,23168.0,2496.0,2502.0,-6.0,-0.002398081534772182
20150604,rb1605,螺纹钢rb,2464.0,2488.0,2476.0,2489.0,6106.0,15104.044,future_shfe_rb1605,2481.0,-20.0,-0.008061265618702136,23638.0,2473.0,2496.0,-23.0,-0.00921474358974359
20150605,rb1605,螺纹钢rb,2451.0,2470.0,2462.0,2493.0,4022.0,9921.82,future_shfe_rb1605,2476.0,-11.0,-0.0044426494345718905,23530.0,2466.0,2473.0,-7.0,-0.0028305701577031944
20150608,rb1605,螺纹钢rb,2437.0,2463.0,2441.0,2468.0,6986.0,17069.728,future_shfe_rb1605,2462.0,-25.0,-0.010154346060113728,24732.0,2443.0,2466.0,-23.0,-0.00932684509326845
20150609,rb1605,螺纹钢rb,2439.0,2441.0,2444.0,2461.0,4542.0,11130.856,future_shfe_rb1605,2441.0,1.0,0.00040966816878328555,26038.0,2450.0,2443.0,7.0,0.0028653295128939827
20150610,rb1605,螺纹钢rb,2443.0,2445.0,2459.0,2466.0,12742.0,31308.954,future_shfe_rb1605,2444.0,9.0,0.0036824877250409165,32738.0,2457.0,2450.0,7.0,0.002857142857142857
20150611,rb1605,螺纹钢rb,2457.0,2463.0,2471.0,2479.0,10060.0,24805.112,future_shfe_rb1605,2459.0,14.0,0.0056933712891419274,34040.0,2465.0,2457.0,8.0,0.003256003256003256
20150612,rb1605,螺纹钢rb,2442.0,2470.0,2443.0,2470.0,16768.0,41160.444,future_shfe_rb1605,2471.0,-22.0,-0.008903278025091057,40600.0,2454.0,2465.0,-11.0,-0.004462474645030426
20150615,rb1605,螺纹钢rb,2421.0,2443.0,2425.0,2455.0,12032.0,29361.588,future_shfe_rb1605,2443.0,-29.0,-0.011870650839132215,42282.0,2440.0,2454.0,-14.0,-0.0057049714751426246
20150616,rb1605,螺纹钢rb,2396.0,2425.0,2405.0,2433.0,9286.0,22465.192,future_shfe_rb1605,2425.0,-35.0,-0.01443298969072165,44120.0,2419.0,2440.0,-21.0,-0.00860655737704918
20150617,rb1605,螺纹钢rb,2365.0,2405.0,2366.0,2405.0,11606.0,27619.128,future_shfe_rb1605,2405.0,-53.0,-0.02203742203742204,45596.0,2379.0,2419.0,-40.0,-0.01653575857792476
20150618,rb1605,螺纹钢rb,2355.0,2371.0,2361.0,2383.0,24938.0,59053.03,future_shfe_rb1605,2366.0,-18.0,-0.0076077768385460695,50644.0,2367.0,2379.0,-12.0,-0.005044136191677175
20150619,rb1605,螺纹钢rb,2355.0,2355.0,2371.0,2389.0,7274.0,17272.066,future_shfe_rb1605,2361.0,4.0,0.0016941973739940702,50554.0,2374.0,2367.0,7.0,0.002957329953527672
20150623,rb1605,螺纹钢rb,2357.0,2365.0,2369.0,2377.0,3380.0,7992.754,future_shfe_rb1605,2371.0,-5.0,-0.002108814846056516,50290.0,2364.0,2374.0,-10.0,-0.004212299915754001
20150624,rb1605,螺纹钢rb,2364.0,2369.0,2379.0,2382.0,8602.0,20426.21,future_shfe_rb1605,2369.0,15.0,0.006331785563528915,50642.0,2374.0,2364.0,10.0,0.004230118443316413
20150625,rb1605,螺纹钢rb,2361.0,2383.0,2362.0,2384.0,9756.0,23122.43,future_shfe_rb1605,2379.0,-12.0,-0.005044136191677175,54376.0,2370.0,2374.0,-4.0,-0.0016849199663016006
20150626,rb1605,螺纹钢rb,2357.0,2364.0,2362.0,2380.0,7500.0,17742.956,future_shfe_rb1605,2362.0,-8.0,-0.003386960203217612,55166.0,2365.0,2370.0,-5.0,-0.002109704641350211
20150629,rb1605,螺纹钢rb,2339.0,2360.0,2340.0,2380.0,13168.0,31027.568,future_shfe_rb1605,2362.0,-25.0,-0.010584250635055038,55578.0,2356.0,2365.0,-9.0,-0.0038054968287526427
20150630,rb1605,螺纹钢rb,2258.0,2340.0,2290.0,2342.0,33130.0,76184.772,future_shfe_rb1605,2340.0,-66.0,-0.028205128205128206,54184.0,2299.0,2356.0,-57.0,-0.024193548387096774
20150701,rb1605,螺纹钢rb,2285.0,2285.0,2299.0,2313.0,12222.0,28137.468,future_shfe_rb1605,2290.0,0.0,0.0,58568.0,2302.0,2299.0,3.0,0.0013049151805132667
20150702,rb1605,螺纹钢rb,2270.0,2293.0,2307.0,2313.0,14140.0,32414.078,future_shfe_rb1605,2299.0,5.0,0.002174858634188778,60598.0,2292.0,2302.0,-10.0,-0.004344048653344918
20150703,rb1605,螺纹钢rb,2288.0,2303.0,2294.0,2318.0,14722.0,33935.93,future_shfe_rb1605,2307.0,2.0,0.0008669267446900737,61572.0,2305.0,2292.0,13.0,0.005671902268760907
20150706,rb1605,螺纹钢rb,2189.0,2291.0,2189.0,2291.0,30318.0,67774.632,future_shfe_rb1605,2294.0,-116.0,-0.05056669572798605,68826.0,2235.0,2305.0,-70.0,-0.03036876355748373
20150707,rb1605,螺纹钢rb,2058.0,2178.0,2071.0,2178.0,55034.0,116478.888,future_shfe_rb1605,2189.0,-164.0,-0.0749200548195523,63156.0,2116.0,2235.0,-119.0,-0.053243847874720356
20150708,rb1605,螺纹钢rb,2010.0,2062.0,2010.0,2101.0,62744.0,127925.47,future_shfe_rb1605,2071.0,-106.0,-0.05118300338000966,68494.0,2038.0,2116.0,-78.0,-0.036862003780718335
20150709,rb1605,螺纹钢rb,1990.0,2000.0,2127.0,2180.0,61358.0,128469.832,future_shfe_rb1605,2010.0,89.0,0.044278606965174126,70772.0,2093.0,2038.0,55.0,0.026987242394504417
20150710,rb1605,螺纹钢rb,2125.0,2125.0,2141.0,2174.0,48376.0,104214.982,future_shfe_rb1605,2127.0,48.0,0.022566995768688293,76388.0,2154.0,2093.0,61.0,0.029144768275203056
20150713,rb1605,螺纹钢rb,2046.0,2130.0,2132.0,2153.0,35152.0,75080.052,future_shfe_rb1605,2141.0,-22.0,-0.010275572162540868,72178.0,2135.0,2154.0,-19.0,-0.008820798514391829
20150714,rb1605,螺纹钢rb,2132.0,2140.0,2135.0,2159.0,20158.0,43221.166,future_shfe_rb1605,2132.0,0.0,0.0,73818.0,2144.0,2135.0,9.0,0.004215456674473068
20150715,rb1605,螺纹钢rb,2111.0,2139.0,2117.0,2146.0,15988.0,34041.722,future_shfe_rb1605,2135.0,-27.0,-0.012646370023419205,74430.0,2129.0,2144.0,-15.0,-0.006996268656716418
20150716,rb1605,螺纹钢rb,2081.0,2115.0,2118.0,2132.0,28180.0,59374.33,future_shfe_rb1605,2117.0,-11.0,-0.0051960321209258385,74164.0,2106.0,2129.0,-23.0,-0.010803193987787695
20150717,rb1605,螺纹钢rb,2099.0,2114.0,2124.0,2131.0,21780.0,46137.018,future_shfe_rb1605,2118.0,18.0,0.0084985835694051,75024.0,2118.0,2106.0,12.0,0.005698005698005698
20150720,rb1605,螺纹钢rb,2111.0,2120.0,2169.0,2220.0,61804.0,133309.07,future_shfe_rb1605,2124.0,51.0,0.02401129943502825,84508.0,2156.0,2118.0,38.0,0.01794145420207743
20150721,rb1605,螺纹钢rb,2142.0,2170.0,2150.0,2187.0,32812.0,71065.942,future_shfe_rb1605,2169.0,-6.0,-0.0027662517289073307,91358.0,2165.0,2156.0,9.0,0.004174397031539889
20150722,rb1605,螺纹钢rb,2082.0,2150.0,2103.0,2154.0,31460.0,66709.98,future_shfe_rb1605,2150.0,-62.0,-0.02883720930232558,95178.0,2120.0,2165.0,-45.0,-0.020785219399538105
20150723,rb1605,螺纹钢rb,2091.0,2101.0,2120.0,2130.0,25412.0,53639.63,future_shfe_rb1605,2103.0,0.0,0.0,93366.0,2110.0,2120.0,-10.0,-0.0047169811320754715
20150724,rb1605,螺纹钢rb,2106.0,2115.0,2113.0,2130.0,21648.0,45848.822,future_shfe_rb1605,2120.0,3.0,0.0014150943396226414,96310.0,2117.0,2110.0,7.0,0.0033175355450236967
20150727,rb1605,螺纹钢rb,2112.0,2114.0,2131.0,2158.0,37344.0,79748.378,future_shfe_rb1605,2113.0,14.0,0.006625650733554188,99400.0,2135.0,2117.0,18.0,0.008502598016060462
20150728,rb1605,螺纹钢rb,2111.0,2134.0,2130.0,2149.0,37798.0,80575.966,future_shfe_rb1605,2131.0,-5.0,-0.002346316283435007,101458.0,2131.0,2135.0,-4.0,-0.001873536299765808
20150729,rb1605,螺纹钢rb,2130.0,2130.0,2154.0,2162.0,59496.0,127795.282,future_shfe_rb1605,2130.0,23.0,0.0107981220657277,111974.0,2147.0,2131.0,16.0,0.007508212106992022
20150730,rb1605,螺纹钢rb,2128.0,2156.0,2130.0,2160.0,42202.0,90595.752,future_shfe_rb1605,2154.0,-17.0,-0.007892293407613741,117478.0,2146.0,2147.0,-1.0,-0.0004657661853749418
20150731,rb1605,螺纹钢rb,2103.0,2120.0,2112.0,2143.0,96982.0,205548.624,future_shfe_rb1605,2130.0,-34.0,-0.01596244131455399,146536.0,2119.0,2146.0,-27.0,-0.012581547064305684
20150803,rb1605,螺纹钢rb,2083.0,2112.0,2094.0,2126.0,159374.0,335723.058,future_shfe_rb1605,2112.0,-25.0,-0.011837121212121212,206952.0,2106.0,2119.0,-13.0,-0.006134969325153374
20150804,rb1605,螺纹钢rb,2088.0,2089.0,2112.0,2114.0,52990.0,111390.124,future_shfe_rb1605,2094.0,6.0,0.0028653295128939827,201888.0,2102.0,2106.0,-4.0,-0.001899335232668566
20150805,rb1605,螺纹钢rb,2100.0,2114.0,2110.0,2118.0,60156.0,126900.23,future_shfe_rb1605,2112.0,8.0,0.003787878787878788,215114.0,2109.0,2102.0,7.0,0.003330161750713606
20150806,rb1605,螺纹钢rb,2086.0,2111.0,2091.0,2115.0,68506.0,143548.956,future_shfe_rb1605,2110.0,-18.0,-0.008530805687203791,237692.0,2095.0,2109.0,-14.0,-0.006638217164532954
20150807,rb1605,螺纹钢rb,2056.0,2090.0,2062.0,2095.0,102250.0,211709.868,future_shfe_rb1605,2091.0,-33.0,-0.015781922525107604,267546.0,2070.0,2095.0,-25.0,-0.011933174224343675
20150810,rb1605,螺纹钢rb,2044.0,2059.0,2050.0,2071.0,95000.0,195203.268,future_shfe_rb1605,2062.0,-20.0,-0.009699321047526674,294188.0,2054.0,2070.0,-16.0,-0.007729468599033816
20150811,rb1605,螺纹钢rb,2048.0,2052.0,2055.0,2073.0,113522.0,233985.398,future_shfe_rb1605,2050.0,1.0,0.0004878048780487805,314728.0,2061.0,2054.0,7.0,0.0034079844206426485
20150812,rb1605,螺纹钢rb,2044.0,2053.0,2078.0,2078.0,76614.0,158341.848,future_shfe_rb1605,2055.0,17.0,0.00827250608272506,322766.0,2066.0,2061.0,5.0,0.0024260067928190197
20150813,rb1605,螺纹钢rb,2083.0,2083.0,2103.0,2109.0,99028.0,207868.486,future_shfe_rb1605,2078.0,37.0,0.0178055822906641,323822.0,2099.0,2066.0,33.0,0.015972894482090997
20150814,rb1605,螺纹钢rb,2091.0,2098.0,2098.0,2105.0,43490.0,91157.648,future_shfe_rb1605,2103.0,-1.0,-0.00047551117451260106,326510.0,2096.0,2099.0,-3.0,-0.0014292520247737017
20150817,rb1605,螺纹钢rb,2077.0,2099.0,2078.0,2106.0,62142.0,129878.644,future_shfe_rb1605,2098.0,-18.0,-0.008579599618684462,335234.0,2090.0,2096.0,-6.0,-0.0028625954198473282
20150818,rb1605,螺纹钢rb,2060.0,2075.0,2060.0,2083.0,52194.0,108138.678,future_shfe_rb1605,2078.0,-30.0,-0.014436958614051972,339020.0,2071.0,2090.0,-19.0,-0.00909090909090909
20150819,rb1605,螺纹钢rb,2034.0,2059.0,2054.0,2063.0,99542.0,203628.396,future_shfe_rb1605,2060.0,-17.0,-0.00825242718446602,354848.0,2045.0,2071.0,-26.0,-0.012554321583775953
20150820,rb1605,螺纹钢rb,2032.0,2052.0,2039.0,2057.0,86278.0,176445.54,future_shfe_rb1605,2054.0,-6.0,-0.0029211295034079843,367872.0,2045.0,2045.0,0.0,0.0
20150821,rb1605,螺纹钢rb,2031.0,2041.0,2032.0,2049.0,62870.0,128321.582,future_shfe_rb1605,2039.0,-13.0,-0.0063756743501716525,374654.0,2041.0,2045.0,-4.0,-0.0019559902200488996
20150824,rb1605,螺纹钢rb,1938.0,2036.0,1949.0,2036.0,202360.0,399937.052,future_shfe_rb1605,2032.0,-92.0,-0.045275590551181105,369680.0,1976.0,2041.0,-65.0,-0.03184713375796178
20150825,rb1605,螺纹钢rb,1931.0,1941.0,1955.0,1979.0,141228.0,276476.718,future_shfe_rb1605,1949.0,-21.0,-0.0107747562852745,360442.0,1957.0,1976.0,-19.0,-0.009615384615384616
20150826,rb1605,螺纹钢rb,1957.0,1988.0,1958.0,1996.0,105342.0,208134.268,future_shfe_rb1605,1955.0,1.0,0.0005115089514066496,375264.0,1975.0,1957.0,18.0,0.009197751660705161
20150827,rb1605,螺纹钢rb,1953.0,1953.0,1982.0,1993.0,81188.0,160317.3,future_shfe_rb1605,1958.0,7.0,0.003575076608784474,381694.0,1974.0,1975.0,-1.0,-0.0005063291139240507
20150828,rb1605,螺纹钢rb,1978.0,1993.0,1989.0,2012.0,213784.0,425989.218,future_shfe_rb1605,1982.0,15.0,0.0075681130171543895,430130.0,1992.0,1974.0,18.0,0.00911854103343465
20150831,rb1605,螺纹钢rb,1958.0,1981.0,1964.0,1991.0,219806.0,433279.474,future_shfe_rb1605,1989.0,-28.0,-0.014077425842131725,445150.0,1971.0,1992.0,-21.0,-0.010542168674698794
20150901,rb1605,螺纹钢rb,1952.0,1965.0,1964.0,1975.0,264696.0,519708.9,future_shfe_rb1605,1964.0,-7.0,-0.003564154786150713,482218.0,1963.0,1971.0,-8.0,-0.004058853373921867
20150902,rb1605,螺纹钢rb,1952.0,1965.0,1956.0,1969.0,128278.0,251410.22,future_shfe_rb1605,1964.0,-7.0,-0.003564154786150713,501026.0,1959.0,1963.0,-4.0,-0.0020376974019358125
20150907,rb1605,螺纹钢rb,1901.0,1959.0,1929.0,1959.0,206232.0,398750.756,future_shfe_rb1605,1956.0,-30.0,-0.015337423312883436,513974.0,1933.0,1959.0,-26.0,-0.013272077590607452
20150908,rb1605,螺纹钢rb,1924.0,1929.0,1952.0,1952.0,143606.0,277856.124,future_shfe_rb1605,1929.0,19.0,0.009849663037843442,521728.0,1934.0,1933.0,1.0,0.0005173305742369374
20150909,rb1605,螺纹钢rb,1953.0,1955.0,1963.0,1992.0,403102.0,795689.98,future_shfe_rb1605,1952.0,29.0,0.01485655737704918,544542.0,1973.0,1934.0,39.0,0.02016546018614271
20150910,rb1605,螺纹钢rb,1955.0,1961.0,1970.0,1980.0,233326.0,458914.45,future_shfe_rb1605,1963.0,-3.0,-0.0015282730514518594,566238.0,1966.0,1973.0,-7.0,-0.0035478966041561076
20150911,rb1605,螺纹钢rb,1952.0,1972.0,1953.0,1979.0,296792.0,584034.3,future_shfe_rb1605,1970.0,-13.0,-0.006598984771573604,613874.0,1967.0,1966.0,1.0,0.000508646998982706
20150914,rb1605,螺纹钢rb,1941.0,1950.0,1950.0,1958.0,271314.0,528903.004,future_shfe_rb1605,1953.0,-17.0,-0.008704557091653867,610102.0,1949.0,1967.0,-18.0,-0.009150991357397052
20150915,rb1605,螺纹钢rb,1932.0,1950.0,1934.0,1959.0,208498.0,406429.364,future_shfe_rb1605,1950.0,-15.0,-0.007692307692307693,615558.0,1949.0,1949.0,0.0,0.0
20150916,rb1605,螺纹钢rb,1932.0,1936.0,1951.0,1960.0,240278.0,467883.766,future_shfe_rb1605,1934.0,2.0,0.001034126163391934,627528.0,1947.0,1949.0,-2.0,-0.001026167265264238
20150917,rb1605,螺纹钢rb,1945.0,1952.0,1947.0,1962.0,202032.0,394310.376,future_shfe_rb1605,1951.0,0.0,0.0,637616.0,1951.0,1947.0,4.0,0.002054442732408834
20150918,rb1605,螺纹钢rb,1941.0,1946.0,1942.0,1953.0,130262.0,253570.804,future_shfe_rb1605,1947.0,-9.0,-0.004622496147919877,640120.0,1946.0,1951.0,-5.0,-0.0025627883136852894
20150921,rb1605,螺纹钢rb,1916.0,1939.0,1922.0,1946.0,174144.0,336027.478,future_shfe_rb1605,1942.0,-24.0,-0.012358393408856848,655424.0,1929.0,1946.0,-17.0,-0.008735868448098663
20150922,rb1605,螺纹钢rb,1907.0,1927.0,1912.0,1932.0,112414.0,215427.176,future_shfe_rb1605,1922.0,-17.0,-0.008844953173777315,670134.0,1916.0,1929.0,-13.0,-0.00673924313115604
20150923,rb1605,螺纹钢rb,1903.0,1909.0,1915.0,1917.0,179172.0,342345.202,future_shfe_rb1605,1912.0,-1.0,-0.0005230125523012552,684676.0,1910.0,1916.0,-6.0,-0.003131524008350731
20150924,rb1605,螺纹钢rb,1898.0,1913.0,1903.0,1919.0,156364.0,298130.798,future_shfe_rb1605,1915.0,-7.0,-0.0036553524804177544,707300.0,1906.0,1910.0,-4.0,-0.0020942408376963353
20150925,rb1605,螺纹钢rb,1891.0,1901.0,1899.0,1915.0,184402.0,351546.886,future_shfe_rb1605,1903.0,-7.0,-0.0036784025223331584,711724.0,1906.0,1906.0,0.0,0.0
20150928,rb1605,螺纹钢rb,1870.0,1895.0,1872.0,1900.0,165796.0,312517.976,future_shfe_rb1605,1899.0,-34.0,-0.01790416008425487,721018.0,1884.0,1906.0,-22.0,-0.011542497376705142
20150929,rb1605,螺纹钢rb,1848.0,1866.0,1850.0,1871.0,228840.0,425084.748,future_shfe_rb1605,1872.0,-34.0,-0.018162393162393164,699968.0,1857.0,1884.0,-27.0,-0.014331210191082803
20150930,rb1605,螺纹钢rb,1841.0,1851.0,1848.0,1857.0,134340.0,248248.124,future_shfe_rb1605,1850.0,-9.0,-0.004864864864864865,693992.0,1847.0,1857.0,-10.0,-0.005385029617662897
20151008,rb1605,螺纹钢rb,1847.0,1859.0,1858.0,1880.0,181100.0,337055.262,future_shfe_rb1605,1848.0,11.0,0.005952380952380952,717514.0,1861.0,1847.0,14.0,0.007579859231185706
20151009,rb1605,螺纹钢rb,1854.0,1858.0,1888.0,1892.0,354578.0,665973.878,future_shfe_rb1605,1858.0,27.0,0.014531754574811625,781678.0,1878.0,1861.0,17.0,0.009134873723804407
20151012,rb1605,螺纹钢rb,1875.0,1890.0,1880.0,1899.0,439802.0,829795.984,future_shfe_rb1605,1888.0,2.0,0.001059322033898305,826544.0,1886.0,1878.0,8.0,0.004259850905218318
20151013,rb1605,螺纹钢rb,1856.0,1878.0,1871.0,1884.0,287982.0,537720.768,future_shfe_rb1605,1880.0,-15.0,-0.007978723404255319,861244.0,1867.0,1886.0,-19.0,-0.01007423117709438
20151014,rb1605,螺纹钢rb,1853.0,1869.0,1856.0,1872.0,325880.0,606885.564,future_shfe_rb1605,1871.0,-11.0,-0.005879208979155532,949710.0,1862.0,1867.0,-5.0,-0.002678093197643278
20151015,rb1605,螺纹钢rb,1852.0,1855.0,1860.0,1866.0,271820.0,505438.4,future_shfe_rb1605,1856.0,-2.0,-0.0010775862068965517,972764.0,1859.0,1862.0,-3.0,-0.001611170784103115
20151016,rb1605,螺纹钢rb,1850.0,1855.0,1851.0,1859.0,312446.0,579389.48,future_shfe_rb1605,1860.0,-8.0,-0.004301075268817204,1010262.0,1854.0,1859.0,-5.0,-0.0026896180742334587
20151019,rb1605,螺纹钢rb,1833.0,1850.0,1836.0,1859.0,395276.0,730259.43,future_shfe_rb1605,1851.0,-18.0,-0.009724473257698542,1033706.0,1847.0,1854.0,-7.0,-0.0037756202804746495
20151020,rb1605,螺纹钢rb,1825.0,1834.0,1828.0,1845.0,356702.0,654181.754,future_shfe_rb1605,1836.0,-19.0,-0.010348583877995643,1083274.0,1833.0,1847.0,-14.0,-0.007579859231185706
20151021,rb1605,螺纹钢rb,1807.0,1828.0,1815.0,1834.0,779904.0,1417993.05,future_shfe_rb1605,1828.0,-18.0,-0.009846827133479213,1320754.0,1818.0,1833.0,-15.0,-0.008183306055646482
20151022,rb1605,螺纹钢rb,1806.0,1815.0,1809.0,1830.0,801672.0,1456338.374,future_shfe_rb1605,1815.0,-9.0,-0.0049586776859504135,1428528.0,1816.0,1818.0,-2.0,-0.0011001100110011
20151023,rb1605,螺纹钢rb,1785.0,1810.0,1803.0,1812.0,1091922.0,1964824.646,future_shfe_rb1605,1809.0,-13.0,-0.007186290768380321,1537164.0,1799.0,1816.0,-17.0,-0.009361233480176211
20151026,rb1605,螺纹钢rb,1787.0,1805.0,1793.0,1809.0,1201124.0,2156507.698,future_shfe_rb1605,1803.0,-6.0,-0.0033277870216306157,1686458.0,1795.0,1799.0,-4.0,-0.0022234574763757642
20151027,rb1605,螺纹钢rb,1789.0,1791.0,1803.0,1814.0,1384070.0,2492863.524,future_shfe_rb1605,1793.0,8.0,0.004461795872838818,1779106.0,1801.0,1795.0,6.0,0.003342618384401114
20151028,rb1605,螺纹钢rb,1792.0,1801.0,1797.0,1806.0,972760.0,1749889.8,future_shfe_rb1605,1803.0,-4.0,-0.0022185246810870773,1740590.0,1798.0,1801.0,-3.0,-0.001665741254858412
20151029,rb1605,螺纹钢rb,1793.0,1795.0,1799.0,1803.0,602350.0,1083674.714,future_shfe_rb1605,1797.0,1.0,0.0005564830272676684,1727372.0,1799.0,1798.0,1.0,0.0005561735261401557
20151030,rb1605,螺纹钢rb,1792.0,1800.0,1795.0,1805.0,575392.0,1034313.114,future_shfe_rb1605,1799.0,-4.0,-0.0022234574763757642,1753318.0,1797.0,1799.0,-2.0,-0.0011117287381878821
20151102,rb1605,螺纹钢rb,1791.0,1795.0,1796.0,1804.0,530768.0,954088.498,future_shfe_rb1605,1795.0,-1.0,-0.0005571030640668524,1775586.0,1797.0,1797.0,0.0,0.0
20151103,rb1605,螺纹钢rb,1774.0,1793.0,1776.0,1796.0,1411662.0,2516958.926,future_shfe_rb1605,1796.0,-21.0,-0.011692650334075724,1873864.0,1782.0,1797.0,-15.0,-0.008347245409015025
20151104,rb1605,螺纹钢rb,1773.0,1777.0,1780.0,1785.0,1321266.0,2349163.45,future_shfe_rb1605,1776.0,-2.0,-0.0011261261261261261,2032100.0,1777.0,1782.0,-5.0,-0.0028058361391694723
20151105,rb1605,螺纹钢rb,1768.0,1781.0,1776.0,1788.0,1524966.0,2713864.424,future_shfe_rb1605,1780.0,-1.0,-0.0005617977528089888,2041548.0,1779.0,1777.0,2.0,0.0011254924029262803
20151106,rb1605,螺纹钢rb,1775.0,1777.0,1794.0,1808.0,2568118.0,4591284.856,future_shfe_rb1605,1776.0,15.0,0.008445945945945946,2158254.0,1787.0,1779.0,8.0,0.004496908375491849
20151109,rb1605,螺纹钢rb,1788.0,1791.0,1805.0,1808.0,1957650.0,3523750.982,future_shfe_rb1605,1794.0,18.0,0.010033444816053512,2228016.0,1799.0,1787.0,12.0,0.006715165081141578
20151110,rb1605,螺纹钢rb,1790.0,1806.0,1797.0,1811.0,1808924.0,3253553.174,future_shfe_rb1605,1805.0,-2.0,-0.00110803324099723,2223182.0,1798.0,1799.0,-1.0,-0.0005558643690939411
20151111,rb1605,螺纹钢rb,1775.0,1795.0,1777.0,1796.0,1753724.0,3131443.944,future_shfe_rb1605,1797.0,-21.0,-0.011686143572621035,2289778.0,1785.0,1798.0,-13.0,-0.007230255839822024
20151112,rb1605,螺纹钢rb,1760.0,1780.0,1765.0,1780.0,2324048.0,4108117.316,future_shfe_rb1605,1777.0,-20.0,-0.011254924029262802,2514674.0,1767.0,1785.0,-18.0,-0.010084033613445379
20151113,rb1605,螺纹钢rb,1758.0,1764.0,1759.0,1768.0,1946790.0,3429782.028,future_shfe_rb1605,1765.0,-8.0,-0.004532577903682719,2612404.0,1761.0,1767.0,-6.0,-0.003395585738539898
20151116,rb1605,螺纹钢rb,1752.0,1759.0,1753.0,1768.0,1964378.0,3454153.05,future_shfe_rb1605,1759.0,-8.0,-0.0045480386583285955,2662192.0,1758.0,1761.0,-3.0,-0.0017035775127768314
20151117,rb1605,螺纹钢rb,1748.0,1753.0,1752.0,1758.0,1586652.0,2781352.79,future_shfe_rb1605,1753.0,-6.0,-0.0034227039361095267,2639974.0,1752.0,1758.0,-6.0,-0.0034129692832764505
20151118,rb1605,螺纹钢rb,1731.0,1752.0,1736.0,1753.0,2100464.0,3655434.37,future_shfe_rb1605,1752.0,-16.0,-0.0091324200913242,2737376.0,1740.0,1752.0,-12.0,-0.00684931506849315
20151119,rb1605,螺纹钢rb,1692.0,1736.0,1705.0,1737.0,4542824.0,7768136.7,future_shfe_rb1605,1736.0,-35.0,-0.020161290322580645,2799492.0,1709.0,1740.0,-31.0,-0.017816091954022988
20151120,rb1605,螺纹钢rb,1693.0,1704.0,1695.0,1712.0,2733446.0,4654942.71,future_shfe_rb1605,1705.0,-14.0,-0.008211143695014663,2863134.0,1702.0,1709.0,-7.0,-0.004095962551199532
20151123,rb1605,螺纹钢rb,1649.0,1695.0,1659.0,1695.0,4414044.0,7375297.98,future_shfe_rb1605,1695.0,-43.0,-0.02536873156342183,2820906.0,1670.0,1702.0,-32.0,-0.01880141010575793
20151124,rb1605,螺纹钢rb,1652.0,1660.0,1667.0,1673.0,3414958.0,5681156.742,future_shfe_rb1605,1659.0,-3.0,-0.0018083182640144665,2824648.0,1663.0,1670.0,-7.0,-0.004191616766467066
20151125,rb1605,螺纹钢rb,1659.0,1666.0,1676.0,1729.0,6173106.0,10348852.098,future_shfe_rb1605,1667.0,13.0,0.007798440311937612,2935306.0,1676.0,1663.0,13.0,0.007817197835237523
20151126,rb1605,螺纹钢rb,1666.0,1673.0,1680.0,1722.0,8211592.0,13886293.462,future_shfe_rb1605,1676.0,4.0,0.002386634844868735,2905020.0,1691.0,1676.0,15.0,0.008949880668257757
20151127,rb1605,螺纹钢rb,1654.0,1680.0,1656.0,1685.0,4213766.0,7030015.182,future_shfe_rb1605,1680.0,-35.0,-0.020833333333333332,2996760.0,1668.0,1691.0,-23.0,-0.013601419278533412
20151130,rb1605,螺纹钢rb,1621.0,1652.0,1626.0,1660.0,4700388.0,7696837.294,future_shfe_rb1605,1656.0,-42.0,-0.025362318840579712,3042022.0,1637.0,1668.0,-31.0,-0.01858513189448441
20151201,rb1605,螺纹钢rb,1618.0,1628.0,1633.0,1642.0,4285306.0,6985126.748,future_shfe_rb1605,1626.0,-4.0,-0.0024600246002460025,3191678.0,1630.0,1637.0,-7.0,-0.004276114844227245
20151202,rb1605,螺纹钢rb,1626.0,1630.0,1659.0,1673.0,7473778.0,12386358.812,future_shfe_rb1605,1633.0,29.0,0.017758726270667484,3257230.0,1657.0,1630.0,27.0,0.016564417177914112
20151203,rb1605,螺纹钢rb,1632.0,1657.0,1635.0,1667.0,4289644.0,7073937.448,future_shfe_rb1605,1659.0,-22.0,-0.013261000602772756,3187890.0,1649.0,1657.0,-8.0,-0.004828002414001207
20151204,rb1605,螺纹钢rb,1630.0,1635.0,1650.0,1657.0,5652644.0,9290481.598,future_shfe_rb1605,1635.0,1.0,0.0006116207951070336,3127226.0,1643.0,1649.0,-6.0,-0.0036385688295936932
20151207,rb1605,螺纹钢rb,1643.0,1652.0,1670.0,1676.0,5045348.0,8384473.342,future_shfe_rb1605,1650.0,27.0,0.016363636363636365,3217504.0,1661.0,1643.0,18.0,0.010955569080949483
20151208,rb1605,螺纹钢rb,1645.0,1668.0,1654.0,1669.0,4044250.0,6693600.464,future_shfe_rb1605,1670.0,-7.0,-0.004191616766467066,2987910.0,1655.0,1661.0,-6.0,-0.003612281757977122
20151209,rb1605,螺纹钢rb,1649.0,1651.0,1656.0,1667.0,3471394.0,5757099.766,future_shfe_rb1605,1654.0,1.0,0.0006045949214026602,3074322.0,1658.0,1655.0,3.0,0.0018126888217522659
20151210,rb1605,螺纹钢rb,1643.0,1656.0,1648.0,1663.0,3004688.0,4964770.042,future_shfe_rb1605,1656.0,-10.0,-0.006038647342995169,3045570.0,1652.0,1658.0,-6.0,-0.0036188178528347406
20151211,rb1605,螺纹钢rb,1640.0,1646.0,1658.0,1662.0,2855298.0,4716190.854,future_shfe_rb1605,1648.0,6.0,0.0036407766990291263,3115174.0,1651.0,1652.0,-1.0,-0.0006053268765133172
20151214,rb1605,螺纹钢rb,1648.0,1659.0,1665.0,1670.0,3573916.0,5931631.356,future_shfe_rb1605,1658.0,14.0,0.008443908323281062,3165478.0,1659.0,1651.0,8.0,0.004845548152634767
20151215,rb1605,螺纹钢rb,1656.0,1661.0,1657.0,1686.0,5315278.0,8881319.316,future_shfe_rb1605,1665.0,-2.0,-0.0012012012012012011,3195774.0,1670.0,1659.0,11.0,0.006630500301386378
20151216,rb1605,螺纹钢rb,1655.0,1656.0,1673.0,1674.0,2142674.0,3565249.906,future_shfe_rb1605,1657.0,3.0,0.0018105009052504525,3138562.0,1663.0,1670.0,-7.0,-0.004191616766467066
20151217,rb1605,螺纹钢rb,1673.0,1673.0,1677.0,1694.0,5940106.0,10001132.566,future_shfe_rb1605,1673.0,14.0,0.008368200836820083,3276818.0,1683.0,1663.0,20.0,0.012026458208057728
20151218,rb1605,螺纹钢rb,1676.0,1676.0,1712.0,1714.0,4566394.0,7746508.812,future_shfe_rb1605,1677.0,29.0,0.0172927847346452,3389766.0,1696.0,1683.0,13.0,0.007724301841948901
20151221,rb1605,螺纹钢rb,1712.0,1719.0,1749.0,1757.0,9698548.0,16851364.258,future_shfe_rb1605,1712.0,53.0,0.030957943925233645,3617346.0,1737.0,1696.0,41.0,0.024174528301886794
20151222,rb1605,螺纹钢rb,1719.0,1749.0,1731.0,1764.0,8147652.0,14172393.006,future_shfe_rb1605,1749.0,-6.0,-0.003430531732418525,3740398.0,1739.0,1737.0,2.0,0.0011514104778353484
20151223,rb1605,螺纹钢rb,1707.0,1728.0,1717.0,1731.0,5630160.0,9676089.68,future_shfe_rb1605,1731.0,-22.0,-0.012709416522241479,3638312.0,1718.0,1739.0,-21.0,-0.012075905692926969
20151224,rb1605,螺纹钢rb,1715.0,1717.0,1724.0,1741.0,6194022.0,10702044.966,future_shfe_rb1605,1717.0,6.0,0.0034944670937682005,3539624.0,1727.0,1718.0,9.0,0.005238649592549476
20151225,rb1605,螺纹钢rb,1720.0,1722.0,1737.0,1738.0,2885082.0,4990681.588,future_shfe_rb1605,1724.0,10.0,0.00580046403712297,3556726.0,1729.0,1727.0,2.0,0.0011580775911986102
20151228,rb1605,螺纹钢rb,1720.0,1737.0,1741.0,1746.0,4514858.0,7825517.486,future_shfe_rb1605,1737.0,12.0,0.0069084628670120895,3500808.0,1733.0,1729.0,4.0,0.002313475997686524
20151229,rb1605,螺纹钢rb,1739.0,1740.0,1780.0,1790.0,8060928.0,14227789.97,future_shfe_rb1605,1741.0,47.0,0.026995979322228605,3434598.0,1765.0,1733.0,32.0,0.018465089440276975
20151230,rb1605,螺纹钢rb,1771.0,1779.0,1780.0,1806.0,7988626.0,14282193.024,future_shfe_rb1605,1780.0,15.0,0.008426966292134831,3326148.0,1787.0,1765.0,22.0,0.012464589235127478
20151231,rb1605,螺纹钢rb,1776.0,1782.0,1784.0,1804.0,5863506.0,10495646.236,future_shfe_rb1605,1780.0,-3.0,-0.0016853932584269663,3268574.0,1789.0,1787.0,2.0,0.001119194180190263
20160104,rb1605,螺纹钢rb,1773.0,1821.0,1777.0,1846.0,6700936.0,12044095.914,future_shfe_rb1605,1784.0,-12.0,-0.006726457399103139,3062134.0,1797.0,1789.0,8.0,0.004471771939631079
20160105,rb1605,螺纹钢rb,1761.0,1779.0,1789.0,1789.0,6413148.0,11404976.092,future_shfe_rb1605,1777.0,-8.0,-0.004501969611705121,3171882.0,1778.0,1797.0,-19.0,-0.010573177518085699
20160106,rb1605,螺纹钢rb,1769.0,1787.0,1775.0,1790.0,4603662.0,8180671.022,future_shfe_rb1605,1789.0,-3.0,-0.0016769144773616546,3101762.0,1776.0,1778.0,-2.0,-0.0011248593925759281
20160107,rb1605,螺纹钢rb,1766.0,1770.0,1773.0,1786.0,4652628.0,8264383.368,future_shfe_rb1605,1775.0,-3.0,-0.0016901408450704226,3073988.0,1776.0,1776.0,0.0,0.0
20160108,rb1605,螺纹钢rb,1747.0,1769.0,1759.0,1775.0,6658038.0,11729745.832,future_shfe_rb1605,1773.0,-17.0,-0.009588268471517203,2885064.0,1761.0,1776.0,-15.0,-0.008445945945945946
20160111,rb1605,螺纹钢rb,1748.0,1757.0,1758.0,1772.0,5081394.0,8954313.084,future_shfe_rb1605,1759.0,-3.0,-0.0017055144968732233,2834258.0,1762.0,1761.0,1.0,0.0005678591709256105
20160112,rb1605,螺纹钢rb,1739.0,1759.0,1741.0,1765.0,5333022.0,9332904.46,future_shfe_rb1605,1758.0,-21.0,-0.011945392491467578,2925678.0,1750.0,1762.0,-12.0,-0.00681044267877412
20160113,rb1605,螺纹钢rb,1735.0,1741.0,1740.0,1752.0,3591540.0,6261061.012,future_shfe_rb1605,1741.0,-10.0,-0.005743825387708214,2791556.0,1743.0,1750.0,-7.0,-0.004
20160114,rb1605,螺纹钢rb,1732.0,1742.0,1758.0,1759.0,4110300.0,7173864.03,future_shfe_rb1605,1740.0,15.0,0.008620689655172414,2851872.0,1745.0,1743.0,2.0,0.0011474469305794606
20160115,rb1605,螺纹钢rb,1754.0,1758.0,1778.0,1787.0,6649864.0,11799077.376,future_shfe_rb1605,1758.0,33.0,0.01877133105802048,3152676.0,1774.0,1745.0,29.0,0.0166189111747851
20160118,rb1605,螺纹钢rb,1770.0,1777.0,1827.0,1832.0,9156242.0,16553162.272,future_shfe_rb1605,1778.0,53.0,0.029808773903262094,3353516.0,1807.0,1774.0,33.0,0.018602029312288614
20160119,rb1605,螺纹钢rb,1817.0,1825.0,1839.0,1841.0,6967734.0,12733911.084,future_shfe_rb1605,1827.0,32.0,0.01751505199781062,3331732.0,1827.0,1807.0,20.0,0.011068068622025456
20160120,rb1605,螺纹钢rb,1813.0,1838.0,1818.0,1842.0,6237726.0,11393979.888,future_shfe_rb1605,1839.0,-9.0,-0.004893964110929853,3187010.0,1826.0,1827.0,-1.0,-0.0005473453749315818
20160121,rb1605,螺纹钢rb,1805.0,1815.0,1808.0,1824.0,5493208.0,9963030.612,future_shfe_rb1605,1818.0,-18.0,-0.009900990099009901,3248392.0,1813.0,1826.0,-13.0,-0.007119386637458927
20160122,rb1605,螺纹钢rb,1807.0,1810.0,1823.0,1856.0,7687002.0,14065786.06,future_shfe_rb1605,1808.0,10.0,0.0055309734513274336,3539188.0,1829.0,1813.0,16.0,0.00882515168229454
20160125,rb1605,螺纹钢rb,1823.0,1828.0,1840.0,1856.0,7650122.0,14084540.006,future_shfe_rb1605,1823.0,11.0,0.006034009873834339,3646874.0,1841.0,1829.0,12.0,0.0065609622744669215
20160126,rb1605,螺纹钢rb,1832.0,1840.0,1845.0,1848.0,4321346.0,7954573.152,future_shfe_rb1605,1840.0,4.0,0.002173913043478261,3622822.0,1840.0,1841.0,-1.0,-0.0005431830526887561
20160127,rb1605,螺纹钢rb,1840.0,1850.0,1863.0,1871.0,7017400.0,13040162.508,future_shfe_rb1605,1845.0,23.0,0.012466124661246613,3667088.0,1858.0,1840.0,18.0,0.009782608695652175
20160128,rb1605,螺纹钢rb,1810.0,1861.0,1815.0,1862.0,7189268.0,13240588.416,future_shfe_rb1605,1863.0,-43.0,-0.02308105206655931,3326818.0,1841.0,1858.0,-17.0,-0.00914962325080732
20160129,rb1605,螺纹钢rb,1805.0,1813.0,1814.0,1827.0,5938474.0,10781813.584,future_shfe_rb1605,1815.0,-27.0,-0.01487603305785124,3157788.0,1815.0,1841.0,-26.0,-0.014122759369907659
20160201,rb1605,螺纹钢rb,1815.0,1816.0,1819.0,1845.0,5697330.0,10432176.058,future_shfe_rb1605,1814.0,4.0,0.002205071664829107,2911900.0,1831.0,1815.0,16.0,0.008815426997245178
20160202,rb1605,螺纹钢rb,1801.0,1820.0,1815.0,1824.0,4090540.0,7412689.544,future_shfe_rb1605,1819.0,-16.0,-0.008796041781198461,2493290.0,1812.0,1831.0,-19.0,-0.010376843255051884
20160203,rb1605,螺纹钢rb,1807.0,1820.0,1826.0,1830.0,3099622.0,5640164.952,future_shfe_rb1605,1815.0,14.0,0.007713498622589532,2307344.0,1819.0,1812.0,7.0,0.003863134657836645
20160204,rb1605,螺纹钢rb,1825.0,1826.0,1851.0,1855.0,3515826.0,6477921.69,future_shfe_rb1605,1826.0,32.0,0.017524644030668127,2254350.0,1842.0,1819.0,23.0,0.012644310060472787
20160205,rb1605,螺纹钢rb,1826.0,1853.0,1843.0,1862.0,2790060.0,5139324.304,future_shfe_rb1605,1851.0,1.0,0.0005402485143165856,2088616.0,1842.0,1842.0,0.0,0.0
20160215,rb1605,螺纹钢rb,1833.0,1835.0,1872.0,1880.0,2680436.0,4987712.164,future_shfe_rb1605,1843.0,30.0,0.016277807921866522,2221548.0,1860.0,1842.0,18.0,0.009771986970684038
20160216,rb1605,螺纹钢rb,1861.0,1872.0,1865.0,1880.0,2707824.0,5066660.104,future_shfe_rb1605,1872.0,5.0,0.002670940170940171,2279270.0,1871.0,1860.0,11.0,0.005913978494623656
20160217,rb1605,螺纹钢rb,1855.0,1866.0,1861.0,1876.0,3197078.0,5961372.434,future_shfe_rb1605,1865.0,-10.0,-0.005361930294906166,2216192.0,1864.0,1871.0,-7.0,-0.0037413148049171567
20160218,rb1605,螺纹钢rb,1855.0,1864.0,1870.0,1871.0,2833084.0,5275085.568,future_shfe_rb1605,1861.0,6.0,0.0032240730789897904,2258336.0,1861.0,1864.0,-3.0,-0.001609442060085837
20160219,rb1605,螺纹钢rb,1864.0,1872.0,1897.0,1899.0,4259322.0,8012738.638,future_shfe_rb1605,1870.0,36.0,0.019251336898395723,2307378.0,1881.0,1861.0,20.0,0.010746910263299301
20160222,rb1605,螺纹钢rb,1892.0,1897.0,1962.0,1968.0,6568536.0,12705853.016,future_shfe_rb1605,1897.0,81.0,0.042698998418555616,2474776.0,1934.0,1881.0,53.0,0.028176501860712386
20160223,rb1605,螺纹钢rb,1921.0,1957.0,1926.0,1965.0,5118530.0,9935112.854,future_shfe_rb1605,1962.0,-8.0,-0.004077471967380225,2267538.0,1941.0,1934.0,7.0,0.0036194415718717684
20160224,rb1605,螺纹钢rb,1916.0,1922.0,1929.0,1937.0,3504668.0,6752336.76,future_shfe_rb1605,1926.0,-12.0,-0.006230529595015576,2243998.0,1926.0,1941.0,-15.0,-0.0077279752704791345
20160225,rb1605,螺纹钢rb,1924.0,1929.0,1928.0,1961.0,4325944.0,8399887.52,future_shfe_rb1605,1929.0,2.0,0.0010368066355624676,2347758.0,1941.0,1926.0,15.0,0.00778816199376947
20160226,rb1605,螺纹钢rb,1898.0,1932.0,1922.0,1939.0,4146132.0,7944446.776,future_shfe_rb1605,1928.0,-19.0,-0.009854771784232365,2272552.0,1916.0,1941.0,-25.0,-0.01287995878413189
20160229,rb1605,螺纹钢rb,1912.0,1922.0,1969.0,1973.0,6078558.0,11786353.868,future_shfe_rb1605,1922.0,53.0,0.027575442247658687,2446476.0,1939.0,1916.0,23.0,0.012004175365344467
20160301,rb1605,螺纹钢rb,1961.0,1975.0,1994.0,2010.0,6064250.0,12021962.288,future_shfe_rb1605,1969.0,55.0,0.027932960893854747,2456280.0,1982.0,1939.0,43.0,0.0221763795771016
20160302,rb1605,螺纹钢rb,1984.0,1997.0,1993.0,2009.0,5582604.0,11147541.94,future_shfe_rb1605,1994.0,11.0,0.005516549648946841,2215504.0,1996.0,1982.0,14.0,0.007063572149344097
20160303,rb1605,螺纹钢rb,1967.0,1990.0,1974.0,1999.0,4325658.0,8579753.934,future_shfe_rb1605,1993.0,-22.0,-0.011038635223281485,2049588.0,1983.0,1996.0,-13.0,-0.006513026052104208
20160304,rb1605,螺纹钢rb,1952.0,1972.0,1987.0,1997.0,4750600.0,9386020.056,future_shfe_rb1605,1974.0,4.0,0.002026342451874367,1843186.0,1975.0,1983.0,-8.0,-0.004034291477559254
20160307,rb1605,螺纹钢rb,1983.0,1990.0,2073.0,2073.0,3279116.0,6663923.908,future_shfe_rb1605,1987.0,98.0,0.04932058379466533,1725824.0,2032.0,1975.0,57.0,0.028860759493670885
20160308,rb1605,螺纹钢rb,2077.0,2194.0,2194.0,2194.0,6192598.0,13296562.608,future_shfe_rb1605,2073.0,162.0,0.07814761215629522,1593412.0,2147.0,2032.0,115.0,0.056594488188976375
20160309,rb1605,螺纹钢rb,2035.0,2149.0,2104.0,2163.0,8678072.0,18201360.134,future_shfe_rb1605,2194.0,-43.0,-0.01959890610756609,1289634.0,2097.0,2147.0,-50.0,-0.02328830926874709
20160310,rb1605,螺纹钢rb,2107.0,2112.0,2130.0,2201.0,11325298.0,24326503.046,future_shfe_rb1605,2104.0,33.0,0.01568441064638783,1511022.0,2147.0,2097.0,50.0,0.023843586075345733
20160311,rb1605,螺纹钢rb,2068.0,2111.0,2085.0,2133.0,4663174.0,9833447.518,future_shfe_rb1605,2130.0,-62.0,-0.02910798122065728,1290812.0,2108.0,2147.0,-39.0,-0.018164881229622728
20160314,rb1605,螺纹钢rb,2034.0,2058.0,2041.0,2137.0,5086806.0,10620326.934,future_shfe_rb1605,2085.0,-67.0,-0.03213429256594724,1209034.0,2087.0,2108.0,-21.0,-0.009962049335863378
20160315,rb1605,螺纹钢rb,2010.0,2042.0,2022.0,2063.0,2972086.0,6054879.692,future_shfe_rb1605,2041.0,-65.0,-0.03184713375796178,1103782.0,2037.0,2087.0,-50.0,-0.023957834211787255
20160316,rb1605,螺纹钢rb,2012.0,2012.0,2065.0,2066.0,2414432.0,4938645.62,future_shfe_rb1605,2022.0,28.0,0.013847675568743818,1182966.0,2045.0,2037.0,8.0,0.0039273441335297005
20160317,rb1605,螺纹钢rb,2066.0,2070.0,2134.0,2135.0,3378884.0,7098886.576,future_shfe_rb1605,2065.0,89.0,0.043099273607748186,1190256.0,2100.0,2045.0,55.0,0.02689486552567237
20160318,rb1605,螺纹钢rb,2135.0,2135.0,2155.0,2204.0,4583820.0,9959970.332,future_shfe_rb1605,2134.0,55.0,0.02577319587628866,1138644.0,2172.0,2100.0,72.0,0.03428571428571429
20160321,rb1605,螺纹钢rb,2137.0,2155.0,2192.0,2244.0,4232524.0,9252958.87,future_shfe_rb1605,2155.0,20.0,0.009280742459396751,1006140.0,2186.0,2172.0,14.0,0.006445672191528545
20160322,rb1605,螺纹钢rb,2190.0,2198.0,2214.0,2234.0,2516072.0,5573936.688,future_shfe_rb1605,2192.0,28.0,0.012773722627737226,995244.0,2215.0,2186.0,29.0,0.013266239707227814
20160323,rb1605,螺纹钢rb,2205.0,2213.0,2268.0,2309.0,3987608.0,9030717.57,future_shfe_rb1605,2214.0,53.0,0.023938572719060525,1039842.0,2264.0,2215.0,49.0,0.022121896162528215
20160324,rb1605,螺纹钢rb,2208.0,2274.0,2225.0,2288.0,4923144.0,11034135.2,future_shfe_rb1605,2268.0,-39.0,-0.017195767195767195,1033990.0,2241.0,2264.0,-23.0,-0.010159010600706713
20160325,rb1605,螺纹钢rb,2217.0,2221.0,2298.0,2300.0,3833882.0,8665166.554,future_shfe_rb1605,2225.0,57.0,0.025617977528089888,1134994.0,2260.0,2241.0,19.0,0.008478357875948238
20160328,rb1605,螺纹钢rb,2267.0,2304.0,2276.0,2348.0,4378692.0,10149416.792,future_shfe_rb1605,2298.0,16.0,0.006962576153176675,982832.0,2317.0,2260.0,57.0,0.025221238938053097
20160329,rb1605,螺纹钢rb,2274.0,2279.0,2290.0,2313.0,2485030.0,5695467.63,future_shfe_rb1605,2276.0,-27.0,-0.011862917398945518,906206.0,2291.0,2317.0,-26.0,-0.011221406991799741
20160330,rb1605,螺纹钢rb,2233.0,2291.0,2256.0,2296.0,2193900.0,4960394.598,future_shfe_rb1605,2290.0,-35.0,-0.015283842794759825,751798.0,2260.0,2291.0,-31.0,-0.013531209079004802
20160331,rb1605,螺纹钢rb,2238.0,2257.0,2260.0,2287.0,1416578.0,3199855.38,future_shfe_rb1605,2256.0,0.0,0.0,650948.0,2258.0,2260.0,-2.0,-0.0008849557522123894
20160401,rb1605,螺纹钢rb,2266.0,2266.0,2322.0,2322.0,972398.0,2224681.232,future_shfe_rb1605,2260.0,64.0,0.02831858407079646,568562.0,2287.0,2258.0,29.0,0.012843224092116917
20160405,rb1605,螺纹钢rb,2288.0,2330.0,2351.0,2359.0,835324.0,1944965.6,future_shfe_rb1605,2322.0,64.0,0.02756244616709733,547212.0,2328.0,2287.0,41.0,0.017927415828596416
20160406,rb1605,螺纹钢rb,2325.0,2351.0,2350.0,2368.0,774116.0,1815884.442,future_shfe_rb1605,2351.0,22.0,0.009357720119098255,504606.0,2345.0,2328.0,17.0,0.007302405498281787
20160407,rb1605,螺纹钢rb,2336.0,2350.0,2357.0,2376.0,597030.0,1404626.656,future_shfe_rb1605,2350.0,12.0,0.005106382978723404,492406.0,2352.0,2345.0,7.0,0.0029850746268656717
20160408,rb1605,螺纹钢rb,2348.0,2360.0,2370.0,2378.0,479042.0,1132591.558,future_shfe_rb1605,2357.0,18.0,0.007636826474331778,494824.0,2364.0,2352.0,12.0,0.00510204081632653
20160411,rb1605,螺纹钢rb,2375.0,2375.0,2482.0,2493.0,873374.0,2137198.148,future_shfe_rb1605,2370.0,118.0,0.049789029535864976,434800.0,2447.0,2364.0,83.0,0.03510998307952622
20160412,rb1605,螺纹钢rb,2455.0,2490.0,2498.0,2503.0,643480.0,1595389.522,future_shfe_rb1605,2482.0,51.0,0.02054794520547945,362254.0,2479.0,2447.0,32.0,0.013077237433592154
20160413,rb1605,螺纹钢rb,2457.0,2499.0,2466.0,2537.0,838978.0,2079220.92,future_shfe_rb1605,2498.0,-13.0,-0.005204163330664532,261896.0,2478.0,2479.0,-1.0,-0.0004033884630899556
20160414,rb1605,螺纹钢rb,2457.0,2460.0,2459.0,2505.0,436084.0,1082301.55,future_shfe_rb1605,2466.0,-19.0,-0.007704785077047851,227530.0,2481.0,2478.0,3.0,0.0012106537530266344
20160415,rb1605,螺纹钢rb,2421.0,2460.0,2422.0,2469.0,282602.0,690154.728,future_shfe_rb1605,2459.0,-59.0,-0.023993493289955266,197064.0,2442.0,2481.0,-39.0,-0.015719467956469165
20160418,rb1605,螺纹钢rb,2406.0,2418.0,2488.0,2516.0,320998.0,789123.534,future_shfe_rb1605,2422.0,46.0,0.018992568125516102,184898.0,2458.0,2442.0,16.0,0.006552006552006552
20160419,rb1605,螺纹钢rb,2493.0,2493.0,2605.0,2605.0,268656.0,685553.714,future_shfe_rb1605,2488.0,147.0,0.05908360128617363,185936.0,2551.0,2458.0,93.0,0.037835638730675344
20160420,rb1605,螺纹钢rb,2600.0,2600.0,2704.0,2704.0,251048.0,670557.872,future_shfe_rb1605,2605.0,153.0,0.05873320537428023,169466.0,2671.0,2551.0,120.0,0.047040376323010585
20160421,rb1605,螺纹钢rb,2717.0,2730.0,2891.0,2911.0,383600.0,1088919.796,future_shfe_rb1605,2704.0,220.0,0.08136094674556213,138034.0,2838.0,2671.0,167.0,0.06252339947585174
20160422,rb1605,螺纹钢rb,2741.0,2830.0,2750.0,2869.0,300990.0,841816.38,future_shfe_rb1605,2891.0,-88.0,-0.030439294361812523,105306.0,2796.0,2838.0,-42.0,-0.014799154334038054
20160425,rb1605,螺纹钢rb,2740.0,2740.0,2792.0,2888.0,189236.0,530369.452,future_shfe_rb1605,2750.0,-4.0,-0.0014545454545454545,98158.0,2802.0,2796.0,6.0,0.002145922746781116
20160426,rb1605,螺纹钢rb,2672.0,2761.0,2709.0,2795.0,103214.0,283617.04,future_shfe_rb1605,2792.0,-93.0,-0.03330945558739255,81530.0,2747.0,2802.0,-55.0,-0.019628836545324768
20160427,rb1605,螺纹钢rb,2600.0,2707.0,2635.0,2729.0,83170.0,221609.686,future_shfe_rb1605,2709.0,-112.0,-0.041343669250646,66496.0,2664.0,2747.0,-83.0,-0.030214779759737895
20160428,rb1605,螺纹钢rb,2586.0,2650.0,2651.0,2677.0,69000.0,181506.18,future_shfe_rb1605,2635.0,-13.0,-0.004933586337760911,51238.0,2630.0,2664.0,-34.0,-0.012762762762762763
20160429,rb1605,螺纹钢rb,2652.0,2665.0,2787.0,2787.0,56456.0,153992.992,future_shfe_rb1605,2651.0,157.0,0.05922293474160694,35490.0,2727.0,2630.0,97.0,0.03688212927756654
20160503,rb1605,螺纹钢rb,2716.0,2829.0,2740.0,2829.0,12090.0,33376.68,future_shfe_rb1605,2787.0,13.0,0.0046645138141370645,29520.0,2760.0,2727.0,33.0,0.0121012101210121
20160504,rb1605,螺纹钢rb,2651.0,2705.0,2655.0,2729.0,6900.0,18546.84,future_shfe_rb1605,2740.0,-105.0,-0.03832116788321168,24000.0,2687.0,2760.0,-73.0,-0.02644927536231884
20160505,rb1605,螺纹钢rb,2530.0,2650.0,2530.0,2651.0,8640.0,22466.46,future_shfe_rb1605,2655.0,-157.0,-0.059133709981167605,18060.0,2600.0,2687.0,-87.0,-0.0323781168589505
20160506,rb1605,螺纹钢rb,2503.0,2533.0,2556.0,2566.0,3780.0,9552.84,future_shfe_rb1605,2530.0,-44.0,-0.017391304347826087,16260.0,2527.0,2600.0,-73.0,-0.028076923076923076
20160509,rb1605,螺纹钢rb,2406.0,2547.0,2425.0,2567.0,5400.0,13273.26,future_shfe_rb1605,2556.0,-102.0,-0.03990610328638498,12720.0,2458.0,2527.0,-69.0,-0.027305104867431738
20160510,rb1605,螺纹钢rb,2320.0,2326.0,2545.0,2545.0,6600.0,16196.64,future_shfe_rb1605,2425.0,87.0,0.035876288659793816,7800.0,2454.0,2458.0,-4.0,-0.0016273393002441008
20160511,rb1605,螺纹钢rb,2550.0,2574.0,2601.0,2601.0,2160.0,5604.66,future_shfe_rb1605,2545.0,147.0,0.05776031434184676,6000.0,2594.0,2454.0,140.0,0.05704971475142624
20160512,rb1605,螺纹钢rb,2428.0,2700.0,2440.0,2827.0,2880.0,7884.9,future_shfe_rb1605,2601.0,-154.0,-0.0592079969242599,3900.0,2737.0,2594.0,143.0,0.0551272166538165
20160513,rb1605,螺纹钢rb,2572.0,2572.0,2572.0,2572.0,120.0,308.64,future_shfe_rb1605,2440.0,-165.0,-0.06762295081967214,3780.0,2572.0,2737.0,-165.0,-0.06028498355864085
20160516,rb1605,螺纹钢rb,,,2340.0,,0.0,0.0,future_shfe_rb1605,2572.0,-232.0,-0.09020217729393468,3780.0,2340.0,2572.0,-232.0,-0.09020217729393468
