timestamp,code,name,low,open,close,high,volume,securityId,preClose,change,changePct
2017-08-26,BTC-EUR,BTC/EUR,3603.42,3688.55,3671.66,3696.73,548.848316659978,cryptocurrency_gdax_BTC-EUR,,,
2017-08-27,BTC-EUR,BTC/EUR,3640.26,3671.66,3658.04,3696.82,611.8825643799714,cryptocurrency_gdax_BTC-EUR,3671.66,-13.62,-0.00372330537665
2017-08-28,BTC-EUR,BTC/EUR,3552.0,3658.03,3669.97,3670.0,1215.4888668399403,cryptocurrency_gdax_BTC-EUR,3658.04,11.93,0.00325070777145
2017-08-29,BTC-EUR,BTC/EUR,3620.0,3669.98,3860.19,3943.9,1914.1139532898474,cryptocurrency_gdax_BTC-EUR,3669.97,190.22,0.0492773671762
2017-08-30,BTC-EUR,BTC/EUR,3793.75,3858.58,3865.43,3897.48,1584.8413624098798,cryptocurrency_gdax_BTC-EUR,3860.19,5.24,0.00135560597398
2017-08-31,BTC-EUR,BTC/EUR,3863.51,3865.43,4017.4,4027.71,1863.6709435498328,cryptocurrency_gdax_BTC-EUR,3865.43,151.97,0.0378279484244
2017-09-01,BTC-EUR,BTC/EUR,3928.12,4017.4,4169.98,4173.97,2149.8489067498654,cryptocurrency_gdax_BTC-EUR,4017.4,152.58,0.0365901035497
2017-09-02,BTC-EUR,BTC/EUR,3812.01,4169.99,3907.91,4185.0,1887.5145113398746,cryptocurrency_gdax_BTC-EUR,4169.98,-262.07,-0.0670614215783
2017-09-03,BTC-EUR,BTC/EUR,3850.04,3907.88,3925.54,4024.47,990.1553091399472,cryptocurrency_gdax_BTC-EUR,3907.91,17.63,0.00449110186115
2017-09-04,BTC-EUR,BTC/EUR,3549.74,3925.51,3761.02,3928.27,3487.2593787904984,cryptocurrency_gdax_BTC-EUR,3925.54,-164.52,-0.043743452574
2017-09-05,BTC-EUR,BTC/EUR,3596.11,3761.01,3745.54,3814.22,1949.2692538498354,cryptocurrency_gdax_BTC-EUR,3761.02,-15.48,-0.00413291541407
2017-09-06,BTC-EUR,BTC/EUR,3745.54,3745.54,3903.21,3953.9,3137.443583380245,cryptocurrency_gdax_BTC-EUR,3745.54,157.67,0.0403949569713
2017-09-07,BTC-EUR,BTC/EUR,3787.0,3903.21,3876.84,3922.0,1611.7275374098974,cryptocurrency_gdax_BTC-EUR,3903.21,-26.37,-0.00680193146996
2017-09-08,BTC-EUR,BTC/EUR,3450.0,3876.54,3644.85,3914.74,2631.223460140164,cryptocurrency_gdax_BTC-EUR,3876.84,-231.99,-0.0636487098234
2017-09-09,BTC-EUR,BTC/EUR,3505.0,3648.53,3628.5,3725.0,884.8085347599491,cryptocurrency_gdax_BTC-EUR,3644.85,-16.35,-0.00450599421248
2017-09-10,BTC-EUR,BTC/EUR,3443.01,3628.5,3555.15,3647.3,1012.3805551999335,cryptocurrency_gdax_BTC-EUR,3628.5,-73.35,-0.0206320408422
2017-09-11,BTC-EUR,BTC/EUR,3450.0,3559.39,3550.96,3625.0,990.2540753299326,cryptocurrency_gdax_BTC-EUR,3555.15,-4.19,-0.00117996260166
2017-09-12,BTC-EUR,BTC/EUR,3420.0,3550.96,3501.55,3675.0,1998.9072144398751,cryptocurrency_gdax_BTC-EUR,3550.96,-49.41,-0.0141108937471
2017-09-13,BTC-EUR,BTC/EUR,3121.17,3501.0,3273.75,3518.41,3262.4781020304304,cryptocurrency_gdax_BTC-EUR,3501.55,-227.8,-0.0695838106147
2017-09-14,BTC-EUR,BTC/EUR,2723.0,3269.05,2723.02,3315.27,4783.927283991215,cryptocurrency_gdax_BTC-EUR,3273.75,-550.73,-0.202249708045
2017-09-15,BTC-EUR,BTC/EUR,2467.29,2723.02,3148.0,3265.36,7602.6693441922,cryptocurrency_gdax_BTC-EUR,2723.02,424.98,0.135
2017-09-16,BTC-EUR,BTC/EUR,3033.07,3148.0,3138.5,3385.08,2755.4541623902896,cryptocurrency_gdax_BTC-EUR,3148.0,-9.5,-0.00302692368966
2017-09-17,BTC-EUR,BTC/EUR,2922.58,3138.5,3141.17,3226.99,1584.3916378099186,cryptocurrency_gdax_BTC-EUR,3138.5,2.67,0.00085000175094
2017-09-18,BTC-EUR,BTC/EUR,3142.06,3142.14,3444.26,3467.0,2838.1623815302573,cryptocurrency_gdax_BTC-EUR,3141.17,303.09,0.0879985831499
2017-09-19,BTC-EUR,BTC/EUR,3237.0,3444.18,3289.5,3456.96,1749.1070099299075,cryptocurrency_gdax_BTC-EUR,3444.26,-154.76,-0.0470466636267
2017-09-20,BTC-EUR,BTC/EUR,3217.46,3285.69,3290.74,3369.0,944.8599782099657,cryptocurrency_gdax_BTC-EUR,3289.5,1.24,0.00037681494132
2017-09-21,BTC-EUR,BTC/EUR,3020.0,3288.79,3051.68,3309.91,2204.1219920199596,cryptocurrency_gdax_BTC-EUR,3290.74,-239.06,-0.07833717821
2017-09-22,BTC-EUR,BTC/EUR,2933.75,3051.68,3097.93,3166.4,1636.5178951999208,cryptocurrency_gdax_BTC-EUR,3051.68,46.25,0.0149293237743
2017-09-23,BTC-EUR,BTC/EUR,3060.0,3097.66,3199.98,3295.01,995.4112551399643,cryptocurrency_gdax_BTC-EUR,3097.93,102.05,0.0318908243177
2017-09-24,BTC-EUR,BTC/EUR,3100.0,3199.98,3107.03,3200.0,629.6685475199755,cryptocurrency_gdax_BTC-EUR,3199.98,-92.95,-0.0299160291339
2017-09-25,BTC-EUR,BTC/EUR,3107.03,3107.03,3320.87,3373.99,1316.999086349946,cryptocurrency_gdax_BTC-EUR,3107.03,213.84,0.0643927645466
2017-09-26,BTC-EUR,BTC/EUR,3300.0,3322.72,3300.0,3390.0,1147.0418262699454,cryptocurrency_gdax_BTC-EUR,3320.87,-20.87,-0.00632424242424
2017-09-27,BTC-EUR,BTC/EUR,3293.38,3299.01,3594.86,3648.0,2061.5335590898962,cryptocurrency_gdax_BTC-EUR,3300.0,294.86,0.0820226656949
2017-09-28,BTC-EUR,BTC/EUR,3500.0,3594.75,3568.44,3680.0,1547.7127355699065,cryptocurrency_gdax_BTC-EUR,3594.86,-26.42,-0.00740379549607
2017-09-29,BTC-EUR,BTC/EUR,3400.0,3568.03,3545.59,3617.43,1362.6979336299048,cryptocurrency_gdax_BTC-EUR,3568.44,-22.85,-0.00644462557713
2017-09-30,BTC-EUR,BTC/EUR,3540.0,3545.58,3675.29,3725.0,955.5456470099597,cryptocurrency_gdax_BTC-EUR,3545.59,129.7,0.0352897322388
2017-10-01,BTC-EUR,BTC/EUR,3640.92,3675.29,3711.63,3714.99,659.9879676299782,cryptocurrency_gdax_BTC-EUR,3675.29,36.34,0.00979084660917
2017-10-02,BTC-EUR,BTC/EUR,3700.18,3711.62,3809.82,3859.0,1602.1316553099152,cryptocurrency_gdax_BTC-EUR,3711.63,98.19,0.0257728711593
2017-10-03,BTC-EUR,BTC/EUR,3631.0,3809.84,3713.93,3814.99,1476.0704865899147,cryptocurrency_gdax_BTC-EUR,3809.82,-95.89,-0.0258190111284
2017-10-04,BTC-EUR,BTC/EUR,3565.85,3713.92,3622.9,3764.73,1240.823520899929,cryptocurrency_gdax_BTC-EUR,3713.93,-91.03,-0.0251262800519
2017-10-05,BTC-EUR,BTC/EUR,3565.85,3622.85,3694.01,3738.0,1017.725772189937,cryptocurrency_gdax_BTC-EUR,3622.9,71.11,0.0192500832429
2017-10-06,BTC-EUR,BTC/EUR,3694.0,3694.01,3724.81,3779.98,861.2694236899564,cryptocurrency_gdax_BTC-EUR,3694.01,30.8,0.00826887814412
2017-10-07,BTC-EUR,BTC/EUR,3705.0,3724.81,3755.0,3769.0,454.9318390399893,cryptocurrency_gdax_BTC-EUR,3724.81,30.19,0.00803994673768
2017-10-08,BTC-EUR,BTC/EUR,3740.51,3754.99,3893.03,3899.0,1025.011646899961,cryptocurrency_gdax_BTC-EUR,3755.0,138.03,0.0354556733444
2017-10-09,BTC-EUR,BTC/EUR,3864.0,3893.03,4082.3,4147.99,2271.5232429299617,cryptocurrency_gdax_BTC-EUR,3893.03,189.27,0.0463635695564
2017-10-10,BTC-EUR,BTC/EUR,4006.03,4082.31,4045.17,4168.5,1774.8100512998847,cryptocurrency_gdax_BTC-EUR,4082.3,-37.13,-0.00917884786053
2017-10-11,BTC-EUR,BTC/EUR,4002.7,4045.16,4087.09,4127.29,1188.4694593299405,cryptocurrency_gdax_BTC-EUR,4045.17,41.92,0.0102566862976
2017-10-12,BTC-EUR,BTC/EUR,4082.12,4087.09,4570.0,4570.0,3079.199165840427,cryptocurrency_gdax_BTC-EUR,4087.09,482.91,0.105669584245
2017-10-13,BTC-EUR,BTC/EUR,4463.0,4570.0,4774.0,4950.0,3845.4530524406746,cryptocurrency_gdax_BTC-EUR,4570.0,204.0,0.0427314620863
2017-10-14,BTC-EUR,BTC/EUR,4701.01,4773.42,4899.0,4912.25,1060.3450948499183,cryptocurrency_gdax_BTC-EUR,4774.0,125.0,0.0255154113084
2017-10-15,BTC-EUR,BTC/EUR,4607.81,4899.0,4791.59,4908.99,1562.5319780898772,cryptocurrency_gdax_BTC-EUR,4899.0,-107.41,-0.0224163586617
2017-10-16,BTC-EUR,BTC/EUR,4702.33,4791.59,4885.99,4888.0,1537.216189309869,cryptocurrency_gdax_BTC-EUR,4791.59,94.4,0.0193205471153
2017-10-17,BTC-EUR,BTC/EUR,4752.5,4885.99,4800.5,4898.0,1482.483775739873,cryptocurrency_gdax_BTC-EUR,4885.99,-85.49,-0.0178085616082
2017-10-18,BTC-EUR,BTC/EUR,4351.0,4800.46,4775.96,4805.44,2988.363263310251,cryptocurrency_gdax_BTC-EUR,4800.5,-24.54,-0.00513823398856
2017-10-19,BTC-EUR,BTC/EUR,4730.01,4775.96,4822.37,4851.0,1337.5076977599008,cryptocurrency_gdax_BTC-EUR,4775.96,46.41,0.00962389862246
2017-10-20,BTC-EUR,BTC/EUR,4796.95,4822.37,5074.22,5199.0,2431.461985000092,cryptocurrency_gdax_BTC-EUR,4822.37,251.85,0.0496332441242
2017-10-21,BTC-EUR,BTC/EUR,5013.0,5074.22,5148.85,5318.0,1858.3873788598232,cryptocurrency_gdax_BTC-EUR,5074.22,74.63,0.0144944987716
2017-10-22,BTC-EUR,BTC/EUR,4908.17,5148.85,5096.87,5190.15,1647.5088838198494,cryptocurrency_gdax_BTC-EUR,5148.85,-51.98,-0.0101984158905
2017-10-23,BTC-EUR,BTC/EUR,4860.28,5096.85,5030.69,5174.9,2081.636590099817,cryptocurrency_gdax_BTC-EUR,5096.87,-66.18,-0.0131552530567
2017-10-24,BTC-EUR,BTC/EUR,4690.02,5030.69,4771.32,5030.69,2561.548335480105,cryptocurrency_gdax_BTC-EUR,5030.69,-259.37,-0.054360218975
2017-10-25,BTC-EUR,BTC/EUR,4650.0,4771.34,4929.01,4947.0,1954.7322688598294,cryptocurrency_gdax_BTC-EUR,4771.32,157.69,0.0319922256193
2017-10-26,BTC-EUR,BTC/EUR,4899.29,4929.01,5073.29,5164.49,1817.9158716198685,cryptocurrency_gdax_BTC-EUR,4929.01,144.28,0.0284391390991
2017-10-27,BTC-EUR,BTC/EUR,4980.5,5073.29,5029.99,5147.03,1432.5029788798927,cryptocurrency_gdax_BTC-EUR,5073.29,-43.3,-0.00860836701465
2017-10-28,BTC-EUR,BTC/EUR,4955.0,5030.0,5007.34,5085.0,600.9886101299749,cryptocurrency_gdax_BTC-EUR,5029.99,-22.65,-0.00452335970795
2017-10-29,BTC-EUR,BTC/EUR,4980.32,5007.34,5275.01,5398.95,1990.5321641798798,cryptocurrency_gdax_BTC-EUR,5007.34,267.67,0.0507430317668
2017-10-30,BTC-EUR,BTC/EUR,5241.0,5275.0,5305.7,5355.0,1484.7858853998746,cryptocurrency_gdax_BTC-EUR,5275.01,30.69,0.00578434513825
2017-10-31,BTC-EUR,BTC/EUR,5282.0,5305.06,5583.23,5619.69,2367.698645029986,cryptocurrency_gdax_BTC-EUR,5305.7,277.53,0.0497077856366
2017-11-01,BTC-EUR,BTC/EUR,5540.0,5601.5,5935.0,5935.0,3251.0597257104996,cryptocurrency_gdax_BTC-EUR,5583.23,351.77,0.0592704296546
2017-11-02,BTC-EUR,BTC/EUR,5703.0,5935.75,6112.36,6483.06,6417.947173412715,cryptocurrency_gdax_BTC-EUR,5935.0,177.36,0.0290166155135
2017-11-03,BTC-EUR,BTC/EUR,6070.0,6112.36,6291.44,6495.5,3780.291738770989,cryptocurrency_gdax_BTC-EUR,6112.36,179.08,0.0284640718182
2017-11-04,BTC-EUR,BTC/EUR,6135.91,6290.77,6419.44,6468.9,1643.3271166798154,cryptocurrency_gdax_BTC-EUR,6291.44,128.0,0.0199394339693
2017-11-05,BTC-EUR,BTC/EUR,6380.0,6418.67,6487.98,6682.01,2093.697012999854,cryptocurrency_gdax_BTC-EUR,6419.44,68.54,0.0105641509376
2017-11-06,BTC-EUR,BTC/EUR,6006.0,6486.3,6060.0,6524.18,4550.7568318010135,cryptocurrency_gdax_BTC-EUR,6487.98,-427.98,-0.0706237623762
2017-11-07,BTC-EUR,BTC/EUR,6060.0,6060.0,6220.41,6343.0,2002.932604519813,cryptocurrency_gdax_BTC-EUR,6060.0,160.41,0.0257876892359
2017-11-08,BTC-EUR,BTC/EUR,6100.0,6220.42,6487.07,6800.0,6240.959006141731,cryptocurrency_gdax_BTC-EUR,6220.41,266.66,0.0411063854714
2017-11-09,BTC-EUR,BTC/EUR,6180.0,6487.03,6207.56,6489.0,3131.571385920347,cryptocurrency_gdax_BTC-EUR,6487.07,-279.51,-0.0450273537429
2017-11-10,BTC-EUR,BTC/EUR,5510.0,6207.56,5687.57,6300.0,6643.186241743388,cryptocurrency_gdax_BTC-EUR,6207.56,-519.99,-0.0914256879476
2017-11-11,BTC-EUR,BTC/EUR,5317.43,5687.57,5490.01,5916.21,4061.403708731016,cryptocurrency_gdax_BTC-EUR,5687.57,-197.56,-0.0359853625039
2017-11-12,BTC-EUR,BTC/EUR,4695.0,5490.01,5098.98,5650.23,7075.458033093443,cryptocurrency_gdax_BTC-EUR,5490.01,-391.03,-0.0766878865969
2017-11-13,BTC-EUR,BTC/EUR,5058.18,5098.75,5686.99,5998.97,6666.44862555187,cryptocurrency_gdax_BTC-EUR,5098.98,588.01,0.103395645148
2017-11-14,BTC-EUR,BTC/EUR,5610.01,5686.99,5688.8,5800.0,2056.3258822898615,cryptocurrency_gdax_BTC-EUR,5686.99,1.81,0.000318169033891
2017-11-15,BTC-EUR,BTC/EUR,5688.79,5688.8,6275.0,6287.99,5024.087197450996,cryptocurrency_gdax_BTC-EUR,5688.8,586.2,0.0934183266932
2017-11-16,BTC-EUR,BTC/EUR,6156.0,6275.0,6652.2,6775.0,4438.828354370734,cryptocurrency_gdax_BTC-EUR,6275.0,377.2,0.056703045609
2017-11-17,BTC-EUR,BTC/EUR,6423.12,6652.21,6592.31,6793.0,3603.297571710759,cryptocurrency_gdax_BTC-EUR,6652.2,-59.89,-0.00908482762491
2017-11-18,BTC-EUR,BTC/EUR,6451.01,6592.31,6617.0,6675.0,1341.558154639898,cryptocurrency_gdax_BTC-EUR,6592.31,24.69,0.00373129817138
2017-11-19,BTC-EUR,BTC/EUR,6570.22,6617.0,6818.01,6850.01,2051.0508059398812,cryptocurrency_gdax_BTC-EUR,6617.0,201.01,0.0294822096183
2017-11-20,BTC-EUR,BTC/EUR,6771.0,6818.0,7080.0,7106.43,3003.4232896306653,cryptocurrency_gdax_BTC-EUR,6818.01,261.99,0.0370042372881
2017-11-21,BTC-EUR,BTC/EUR,6750.0,7080.0,7021.22,7195.0,3813.2667501807123,cryptocurrency_gdax_BTC-EUR,7080.0,-58.78,-0.00837176445119
2017-11-22,BTC-EUR,BTC/EUR,7001.56,7020.07,7070.12,7176.55,2105.7365976599053,cryptocurrency_gdax_BTC-EUR,7021.22,48.9,0.00691643140428
2017-11-23,BTC-EUR,BTC/EUR,6868.0,7070.11,6868.0,7080.0,2433.6642394701507,cryptocurrency_gdax_BTC-EUR,7070.12,-202.12,-0.0294292370414
2017-11-24,BTC-EUR,BTC/EUR,6800.04,6868.0,6965.98,7100.51,2088.194607669848,cryptocurrency_gdax_BTC-EUR,6868.0,97.98,0.0140655011929
2017-11-25,BTC-EUR,BTC/EUR,6950.55,6965.98,7339.49,7339.49,1927.2517699498533,cryptocurrency_gdax_BTC-EUR,6965.98,373.51,0.0508904569664
2017-11-26,BTC-EUR,BTC/EUR,7339.48,7339.48,7799.48,8059.0,4178.265859950885,cryptocurrency_gdax_BTC-EUR,7339.49,459.99,0.0589770087237
2017-11-27,BTC-EUR,BTC/EUR,7799.48,7799.48,8174.08,8198.99,4090.420459331292,cryptocurrency_gdax_BTC-EUR,7799.48,374.6,0.0458277873473
2017-11-28,BTC-EUR,BTC/EUR,8140.0,8174.08,8344.97,8398.0,2808.6712629207022,cryptocurrency_gdax_BTC-EUR,8174.08,170.89,0.0204782042356
2017-11-29,BTC-EUR,BTC/EUR,7050.0,8344.97,8608.01,9693.99,12744.697288588446,cryptocurrency_gdax_BTC-EUR,8344.97,263.04,0.0305575853188
2017-11-30,BTC-EUR,BTC/EUR,8002.0,8608.01,8964.31,9400.0,8870.140086846377,cryptocurrency_gdax_BTC-EUR,8608.01,356.3,0.039746505866
2017-12-01,BTC-EUR,BTC/EUR,8405.13,8964.31,9275.0,9325.0,4914.448240881867,cryptocurrency_gdax_BTC-EUR,8964.31,310.69,0.033497574124
2017-12-02,BTC-EUR,BTC/EUR,9180.0,9274.99,9480.04,9679.0,2831.7172577105775,cryptocurrency_gdax_BTC-EUR,9275.0,205.04,0.0216286007232
2017-12-03,BTC-EUR,BTC/EUR,9300.0,9480.04,9701.13,9951.0,4886.902482041641,cryptocurrency_gdax_BTC-EUR,9480.04,221.09,0.0227901285727
2017-12-04,BTC-EUR,BTC/EUR,9680.0,9701.13,9934.99,9935.0,2841.150507550671,cryptocurrency_gdax_BTC-EUR,9701.13,233.86,0.0235390272159
2017-12-05,BTC-EUR,BTC/EUR,9899.99,9934.99,10096.01,10130.0,2751.9606874204446,cryptocurrency_gdax_BTC-EUR,9934.99,161.02,0.0159488748525
2017-12-06,BTC-EUR,BTC/EUR,10090.0,10096.01,12461.05,12700.0,8984.424981237797,cryptocurrency_gdax_BTC-EUR,10096.01,2365.04,0.189794599974
2017-12-07,BTC-EUR,BTC/EUR,11750.0,12461.06,14500.0,14890.0,13028.432809622587,cryptocurrency_gdax_BTC-EUR,12461.05,2038.95,0.140617241379
2017-12-08,BTC-EUR,BTC/EUR,12500.0,14500.0,13701.15,14995.0,10708.427033461521,cryptocurrency_gdax_BTC-EUR,14500.0,-798.85,-0.0583053247355
2017-12-09,BTC-EUR,BTC/EUR,11110.0,13701.14,12926.2,13777.98,8383.725567395635,cryptocurrency_gdax_BTC-EUR,13701.15,-774.95,-0.0599518806765
2017-12-10,BTC-EUR,BTC/EUR,11500.0,12926.18,13040.65,13600.0,7892.894757244871,cryptocurrency_gdax_BTC-EUR,12926.2,114.45,0.00877640301672
2017-12-11,BTC-EUR,BTC/EUR,13040.51,13040.65,13919.51,14495.0,5131.258631524698,cryptocurrency_gdax_BTC-EUR,13040.65,878.86,0.0631387168083
2017-12-12,BTC-EUR,BTC/EUR,13703.11,13917.99,14649.53,14840.62,6627.350456585904,cryptocurrency_gdax_BTC-EUR,13919.51,730.02,0.0498323154395
2017-12-13,BTC-EUR,BTC/EUR,13057.01,14649.99,13990.99,14730.0,5471.036804633714,cryptocurrency_gdax_BTC-EUR,14649.53,-658.54,-0.0470688636044
2017-12-14,BTC-EUR,BTC/EUR,13601.0,13990.99,14123.0,14440.52,2812.9093542010455,cryptocurrency_gdax_BTC-EUR,13990.99,132.01,0.00934716420024
2017-12-15,BTC-EUR,BTC/EUR,14122.95,14122.99,15119.98,15298.19,4388.728377363101,cryptocurrency_gdax_BTC-EUR,14123.0,996.98,0.0659379179073
2017-12-16,BTC-EUR,BTC/EUR,14989.9,15119.98,16736.0,16979.0,4235.822914402464,cryptocurrency_gdax_BTC-EUR,15119.98,1616.02,0.0965595124283
2017-12-17,BTC-EUR,BTC/EUR,16061.0,16736.0,16381.84,16970.0,3638.215181801622,cryptocurrency_gdax_BTC-EUR,16736.0,-354.16,-0.0216190611067
2017-12-18,BTC-EUR,BTC/EUR,15505.18,16381.85,16184.79,16435.0,3900.49047247275,cryptocurrency_gdax_BTC-EUR,16381.84,-197.05,-0.0121750112297
2017-12-19,BTC-EUR,BTC/EUR,14500.99,16184.78,15322.91,16249.0,5452.0823093847075,cryptocurrency_gdax_BTC-EUR,16184.79,-861.88,-0.0562478014946
2017-12-20,BTC-EUR,BTC/EUR,12630.11,15322.91,14167.86,15500.0,9839.461667462476,cryptocurrency_gdax_BTC-EUR,15322.91,-1155.05,-0.0815260738037
2017-12-21,BTC-EUR,BTC/EUR,12644.6,14167.86,13443.99,15056.27,6163.617063485016,cryptocurrency_gdax_BTC-EUR,14167.86,-723.87,-0.0538433902435
2017-12-22,BTC-EUR,BTC/EUR,8500.0,13440.61,12703.79,13599.63,22263.834875941513,cryptocurrency_gdax_BTC-EUR,13443.99,-740.2,-0.0582660765016
2017-12-23,BTC-EUR,BTC/EUR,12150.03,12702.35,13247.66,14465.33,6207.119050415267,cryptocurrency_gdax_BTC-EUR,12703.79,543.87,0.0410540427517
2017-12-24,BTC-EUR,BTC/EUR,11121.0,13247.61,12507.68,13249.0,5281.5058654439745,cryptocurrency_gdax_BTC-EUR,13247.66,-739.98,-0.059162050836
2017-12-25,BTC-EUR,BTC/EUR,12000.01,12525.66,12306.01,13114.99,2616.097903170679,cryptocurrency_gdax_BTC-EUR,12507.68,-201.67,-0.0163879275248
2017-12-26,BTC-EUR,BTC/EUR,12114.0,12306.01,13554.99,13980.0,3753.4502888714533,cryptocurrency_gdax_BTC-EUR,12306.01,1248.98,0.0921417131256
2017-12-27,BTC-EUR,BTC/EUR,12901.8,13555.0,13533.11,13981.0,4116.039484191406,cryptocurrency_gdax_BTC-EUR,13554.99,-21.88,-0.00161677544925
2017-12-28,BTC-EUR,BTC/EUR,12350.0,13533.11,12699.0,13590.0,4116.898894301542,cryptocurrency_gdax_BTC-EUR,13533.11,-834.11,-0.0656831246555
2017-12-29,BTC-EUR,BTC/EUR,12574.5,12699.0,12880.8,13099.0,2641.5086082304474,cryptocurrency_gdax_BTC-EUR,12699.0,181.8,0.0141140301845
2017-12-30,BTC-EUR,BTC/EUR,10550.0,12880.79,11105.99,12919.99,3764.6674006016697,cryptocurrency_gdax_BTC-EUR,12880.8,-1774.81,-0.159806554841
2017-12-31,BTC-EUR,BTC/EUR,10909.26,11105.99,12139.01,12495.99,2700.310985380571,cryptocurrency_gdax_BTC-EUR,11105.99,1033.02,0.085099196722
2018-01-01,BTC-EUR,BTC/EUR,11351.0,12139.01,11799.98,12141.0,1923.3512929497529,cryptocurrency_gdax_BTC-EUR,12139.01,-339.03,-0.0287314046295
2018-01-02,BTC-EUR,BTC/EUR,11280.0,11799.98,12545.01,13100.0,4705.291527922507,cryptocurrency_gdax_BTC-EUR,11799.98,745.03,0.0593885536959
2018-01-03,BTC-EUR,BTC/EUR,12493.59,12545.01,13065.62,13198.0,3506.504651171911,cryptocurrency_gdax_BTC-EUR,12545.01,520.61,0.0398457937702
2018-01-04,BTC-EUR,BTC/EUR,12512.0,13065.05,12940.0,13125.0,3391.6497024712885,cryptocurrency_gdax_BTC-EUR,13065.62,-125.62,-0.00970788253478
2018-01-05,BTC-EUR,BTC/EUR,12624.86,12940.0,14300.0,14450.0,4376.089497412185,cryptocurrency_gdax_BTC-EUR,12940.0,1360.0,0.0951048951049
2018-01-06,BTC-EUR,BTC/EUR,13659.0,14299.99,14229.99,14333.87,2234.372315159909,cryptocurrency_gdax_BTC-EUR,14300.0,-70.01,-0.0049198910189
2018-01-07,BTC-EUR,BTC/EUR,13160.01,14230.0,13358.06,14240.0,2264.5034314801105,cryptocurrency_gdax_BTC-EUR,14229.99,-871.93,-0.0652736999235
2018-01-08,BTC-EUR,BTC/EUR,11888.0,13360.31,12769.0,13374.64,4870.540422923282,cryptocurrency_gdax_BTC-EUR,13358.06,-589.06,-0.0461320385308
2018-01-09,BTC-EUR,BTC/EUR,12100.0,12769.0,12276.25,12883.0,3254.2394119810015,cryptocurrency_gdax_BTC-EUR,12769.0,-492.75,-0.04013847877
2018-01-10,BTC-EUR,BTC/EUR,11471.18,12276.25,12465.19,12465.2,4831.149212392588,cryptocurrency_gdax_BTC-EUR,12276.25,188.94,0.0151574103564
2018-01-11,BTC-EUR,BTC/EUR,11011.0,12465.2,11199.98,12500.0,4917.040395592514,cryptocurrency_gdax_BTC-EUR,12465.19,-1265.21,-0.112965380295
2018-01-12,BTC-EUR,BTC/EUR,10800.0,11199.99,11581.03,11750.0,2659.6168594705337,cryptocurrency_gdax_BTC-EUR,11199.98,381.05,0.0329029455929
2018-01-13,BTC-EUR,BTC/EUR,11571.87,11581.03,11745.48,12048.98,1838.6106011797635,cryptocurrency_gdax_BTC-EUR,11581.03,164.45,0.0140011306477
2018-01-14,BTC-EUR,BTC/EUR,11000.0,11745.48,11323.88,11895.27,1913.7552361597225,cryptocurrency_gdax_BTC-EUR,11745.48,-421.6,-0.0372310550801
2018-01-15,BTC-EUR,BTC/EUR,11150.0,11323.87,11301.8,11845.0,2563.4019158602837,cryptocurrency_gdax_BTC-EUR,11323.88,-22.08,-0.00195367109664
2018-01-16,BTC-EUR,BTC/EUR,7909.57,11301.8,9510.25,11321.6,13010.586529933233,cryptocurrency_gdax_BTC-EUR,11301.8,-1791.55,-0.188380957388
2018-01-17,BTC-EUR,BTC/EUR,7221.0,9510.26,9262.0,10210.0,15646.926092453223,cryptocurrency_gdax_BTC-EUR,9510.25,-248.25,-0.0268030662924
2018-01-18,BTC-EUR,BTC/EUR,8860.0,9262.0,9562.28,10514.82,6824.137716264857,cryptocurrency_gdax_BTC-EUR,9262.0,300.28,0.0314025525293
2018-01-19,BTC-EUR,BTC/EUR,9265.0,9556.12,9690.0,10057.14,2787.0859403704353,cryptocurrency_gdax_BTC-EUR,9562.28,127.72,0.0131805985552
2018-01-20,BTC-EUR,BTC/EUR,9619.87,9690.0,10585.6,10697.95,3105.966977390562,cryptocurrency_gdax_BTC-EUR,9690.0,895.6,0.0846055018138
2018-01-21,BTC-EUR,BTC/EUR,9250.0,10585.6,9542.49,10585.61,3167.723395010765,cryptocurrency_gdax_BTC-EUR,10585.6,-1043.11,-0.109312139704
2018-01-22,BTC-EUR,BTC/EUR,8345.01,9542.49,8941.88,9870.0,4979.718016722454,cryptocurrency_gdax_BTC-EUR,9542.49,-600.61,-0.0671682017652
2018-01-23,BTC-EUR,BTC/EUR,8111.0,8955.07,8831.86,9350.0,4124.349376571053,cryptocurrency_gdax_BTC-EUR,8941.88,-110.02,-0.0124571721019
2018-01-24,BTC-EUR,BTC/EUR,8650.0,8831.86,9193.5,9299.56,2416.3595867001923,cryptocurrency_gdax_BTC-EUR,8831.86,361.64,0.0393364877359
2018-01-25,BTC-EUR,BTC/EUR,8880.0,9193.52,9030.51,9351.0,2161.252532849848,cryptocurrency_gdax_BTC-EUR,9193.5,-162.99,-0.0180488145188
2018-01-26,BTC-EUR,BTC/EUR,8456.01,9030.51,8967.35,9294.0,3507.018808770691,cryptocurrency_gdax_BTC-EUR,9030.51,-63.16,-0.0070433294117
2018-01-27,BTC-EUR,BTC/EUR,8810.57,8967.36,9137.41,9241.35,1938.2596089698268,cryptocurrency_gdax_BTC-EUR,8967.35,170.06,0.0186114008236
2018-01-28,BTC-EUR,BTC/EUR,9113.54,9137.42,9360.01,9495.0,1682.0372469898298,cryptocurrency_gdax_BTC-EUR,9137.41,222.6,0.0237820258739
2018-01-29,BTC-EUR,BTC/EUR,8900.0,9360.01,9009.92,9393.23,1941.3967412897634,cryptocurrency_gdax_BTC-EUR,9360.01,-350.09,-0.0388560608751
2018-01-30,BTC-EUR,BTC/EUR,7905.52,9009.92,8105.18,9015.0,4971.760127942055,cryptocurrency_gdax_BTC-EUR,9009.92,-904.74,-0.111624911476
2018-01-31,BTC-EUR,BTC/EUR,7800.0,8102.86,8130.3,8320.56,2987.4939951710126,cryptocurrency_gdax_BTC-EUR,8105.18,25.12,0.00308967688769
2018-02-01,BTC-EUR,BTC/EUR,6666.0,8130.31,7145.82,8149.0,8161.836755794202,cryptocurrency_gdax_BTC-EUR,8130.3,-984.48,-0.137770052982
2018-02-02,BTC-EUR,BTC/EUR,5770.0,7145.82,7125.15,7450.0,12900.136797558784,cryptocurrency_gdax_BTC-EUR,7145.82,-20.67,-0.00290099155807
2018-02-03,BTC-EUR,BTC/EUR,6551.0,7125.14,7399.93,7687.05,3885.153706430921,cryptocurrency_gdax_BTC-EUR,7125.15,274.78,0.0371327836885
2018-02-04,BTC-EUR,BTC/EUR,6257.0,7399.93,6541.83,7530.0,4399.563258151254,cryptocurrency_gdax_BTC-EUR,7399.93,-858.1,-0.131171247189
2018-02-05,BTC-EUR,BTC/EUR,5086.52,6525.79,5468.77,6666.0,12666.199319216668,cryptocurrency_gdax_BTC-EUR,6541.83,-1073.06,-0.196215968124
2018-02-06,BTC-EUR,BTC/EUR,4680.0,5468.68,6230.01,6500.0,17510.33573037924,cryptocurrency_gdax_BTC-EUR,5468.77,761.24,0.122189209969
2018-02-07,BTC-EUR,BTC/EUR,5822.66,6230.01,6167.28,7148.99,9264.961452774502,cryptocurrency_gdax_BTC-EUR,6230.01,-62.73,-0.0101714207884
2018-02-08,BTC-EUR,BTC/EUR,6167.28,6167.28,6768.09,7124.21,5306.78203659172,cryptocurrency_gdax_BTC-EUR,6167.28,600.81,0.0887709826554
2018-02-09,BTC-EUR,BTC/EUR,6400.0,6768.1,7087.76,7150.0,4311.180793321125,cryptocurrency_gdax_BTC-EUR,6768.09,319.67,0.0451016964457
2018-02-10,BTC-EUR,BTC/EUR,6700.0,7087.76,7020.0,7442.85,4067.258304621173,cryptocurrency_gdax_BTC-EUR,7087.76,-67.76,-0.00965242165242
2018-02-11,BTC-EUR,BTC/EUR,6430.0,7020.0,6629.98,7020.0,3023.5467004307284,cryptocurrency_gdax_BTC-EUR,7020.0,-390.02,-0.0588267234592
2018-02-12,BTC-EUR,BTC/EUR,6612.0,6626.38,7202.59,7290.0,3100.7024084804407,cryptocurrency_gdax_BTC-EUR,6629.98,572.61,0.0795005685455
2018-02-13,BTC-EUR,BTC/EUR,6824.01,7208.49,6955.09,7250.0,2590.4259521003205,cryptocurrency_gdax_BTC-EUR,7202.59,-247.5,-0.0355854489302
2018-02-14,BTC-EUR,BTC/EUR,6900.5,6952.01,7661.21,7687.09,4347.74582323123,cryptocurrency_gdax_BTC-EUR,6955.09,706.12,0.0921682084162
2018-02-15,BTC-EUR,BTC/EUR,7559.0,7661.21,8107.93,8276.0,6281.888007542909,cryptocurrency_gdax_BTC-EUR,7661.21,446.72,0.055096676957
2018-02-16,BTC-EUR,BTC/EUR,7851.0,8103.81,8216.09,8236.0,2817.3737090803884,cryptocurrency_gdax_BTC-EUR,8107.93,108.16,0.0131644127559
2018-02-17,BTC-EUR,BTC/EUR,8138.1,8216.1,9014.0,9074.0,3498.4734421209487,cryptocurrency_gdax_BTC-EUR,8216.09,797.91,0.0885189704903
2018-02-18,BTC-EUR,BTC/EUR,8196.57,9014.0,8442.07,9199.0,4353.796613311036,cryptocurrency_gdax_BTC-EUR,9014.0,-571.93,-0.0677476021876
2018-02-19,BTC-EUR,BTC/EUR,8403.13,8442.06,9030.85,9092.0,3279.0054124105873,cryptocurrency_gdax_BTC-EUR,8442.07,588.78,0.0651965208148
2018-02-20,BTC-EUR,BTC/EUR,9025.0,9036.97,9150.6,9573.79,5422.445442652131,cryptocurrency_gdax_BTC-EUR,9030.85,119.75,0.013086573558
2018-02-21,BTC-EUR,BTC/EUR,8300.0,9150.6,8520.68,9221.45,5768.8798763221785,cryptocurrency_gdax_BTC-EUR,9150.6,-629.92,-0.073928371914
2018-02-22,BTC-EUR,BTC/EUR,7855.02,8520.68,7974.03,8950.0,5231.447711221475,cryptocurrency_gdax_BTC-EUR,8520.68,-546.65,-0.0685537927497
2018-02-23,BTC-EUR,BTC/EUR,7777.0,7974.03,8292.05,8540.0,3622.945842450522,cryptocurrency_gdax_BTC-EUR,7974.03,318.02,0.0383523977786
2018-02-24,BTC-EUR,BTC/EUR,7636.0,8292.04,7909.0,8510.0,2742.6838487301666,cryptocurrency_gdax_BTC-EUR,8292.05,-383.05,-0.048432165887
2018-02-25,BTC-EUR,BTC/EUR,7601.0,7909.0,7819.0,8050.0,1888.9516627998785,cryptocurrency_gdax_BTC-EUR,7909.0,-90.0,-0.0115104233278
2018-02-26,BTC-EUR,BTC/EUR,7661.0,7819.0,8379.99,8499.0,3736.733550270633,cryptocurrency_gdax_BTC-EUR,7819.0,560.99,0.0669439939666
2018-02-27,BTC-EUR,BTC/EUR,8211.63,8380.0,8611.0,8835.68,3154.783572850476,cryptocurrency_gdax_BTC-EUR,8379.99,231.01,0.0268273139008
2018-02-28,BTC-EUR,BTC/EUR,8420.48,8611.08,8469.99,9041.13,2952.049649970271,cryptocurrency_gdax_BTC-EUR,8611.0,-141.01,-0.0166481896673
2018-03-01,BTC-EUR,BTC/EUR,8412.47,8470.0,8885.01,8977.0,2375.4411525600026,cryptocurrency_gdax_BTC-EUR,8469.99,415.02,0.0467101331343
2018-03-02,BTC-EUR,BTC/EUR,8765.16,8885.01,8935.99,9054.0,2146.7879840299424,cryptocurrency_gdax_BTC-EUR,8885.01,50.98,0.00570501981314
2018-03-03,BTC-EUR,BTC/EUR,8934.0,8936.0,9219.01,9298.99,2269.6963221799883,cryptocurrency_gdax_BTC-EUR,8935.99,283.02,0.0306996087432
2018-03-04,BTC-EUR,BTC/EUR,8975.0,9219.01,9279.97,9287.0,1652.0550952798988,cryptocurrency_gdax_BTC-EUR,9219.01,60.96,0.00656898675319
2018-03-05,BTC-EUR,BTC/EUR,9206.75,9279.97,9300.0,9399.0,1703.4369173398682,cryptocurrency_gdax_BTC-EUR,9279.97,20.03,0.00215376344086
2018-03-06,BTC-EUR,BTC/EUR,8545.0,9300.0,8660.01,9300.0,4107.468033050811,cryptocurrency_gdax_BTC-EUR,9300.0,-639.99,-0.0739017622381
2018-03-07,BTC-EUR,BTC/EUR,7605.06,8660.01,8024.21,8773.0,6536.927945242249,cryptocurrency_gdax_BTC-EUR,8660.01,-635.8,-0.0792352144323
2018-03-08,BTC-EUR,BTC/EUR,7345.72,8024.2,7534.5,8206.59,4655.471027471217,cryptocurrency_gdax_BTC-EUR,8024.21,-489.71,-0.0649956865087
2018-03-09,BTC-EUR,BTC/EUR,6770.0,7534.49,7539.38,7628.09,6648.7327641128295,cryptocurrency_gdax_BTC-EUR,7534.5,4.88,0.000647268077746
2018-03-10,BTC-EUR,BTC/EUR,7077.58,7538.78,7131.99,7772.6,3039.4938535503193,cryptocurrency_gdax_BTC-EUR,7539.38,-407.39,-0.0571215046572
2018-03-11,BTC-EUR,BTC/EUR,6926.0,7131.99,7737.21,7945.0,3618.1228923904305,cryptocurrency_gdax_BTC-EUR,7131.99,605.22,0.07822199475
2018-03-12,BTC-EUR,BTC/EUR,7120.0,7746.75,7407.08,8087.0,4048.4850593109495,cryptocurrency_gdax_BTC-EUR,7737.21,-330.13,-0.0445695199728
2018-03-13,BTC-EUR,BTC/EUR,7200.0,7405.56,7390.01,7686.0,2572.6765360801764,cryptocurrency_gdax_BTC-EUR,7407.08,-17.07,-0.00230987508813
2018-03-14,BTC-EUR,BTC/EUR,6408.36,7390.01,6636.75,7539.0,5160.529796011324,cryptocurrency_gdax_BTC-EUR,7390.01,-753.26,-0.113498323728
2018-03-15,BTC-EUR,BTC/EUR,6200.0,6636.76,6726.42,6850.0,4466.436203191119,cryptocurrency_gdax_BTC-EUR,6636.75,89.67,0.0133310141204
2018-03-16,BTC-EUR,BTC/EUR,6468.0,6726.42,6745.0,7050.0,2567.1355249102453,cryptocurrency_gdax_BTC-EUR,6726.42,18.58,0.00275463306153
2018-03-17,BTC-EUR,BTC/EUR,6280.0,6728.0,6395.99,6806.42,2372.086221440095,cryptocurrency_gdax_BTC-EUR,6745.0,-349.01,-0.0545670021373
2018-03-18,BTC-EUR,BTC/EUR,5930.0,6395.99,6688.12,6799.0,5328.407252001766,cryptocurrency_gdax_BTC-EUR,6395.99,292.13,0.0436789411673
2018-03-19,BTC-EUR,BTC/EUR,6746.49,6746.5,6909.61,6966.07,708.2523980999756,cryptocurrency_gdax_BTC-EUR,6688.12,221.49,0.0320553547885
2018-03-20,BTC-EUR,BTC/EUR,6720.0,6955.37,7290.0,7430.0,3681.4800271205977,cryptocurrency_gdax_BTC-EUR,6909.61,380.39,0.0521796982167
2018-03-21,BTC-EUR,BTC/EUR,7121.0,7289.99,7216.46,7479.0,2904.490551630281,cryptocurrency_gdax_BTC-EUR,7290.0,-73.54,-0.0101905920631
2018-03-22,BTC-EUR,BTC/EUR,6885.4,7216.46,7066.82,7340.9,2477.335274520131,cryptocurrency_gdax_BTC-EUR,7216.46,-149.64,-0.0211750122403
2018-03-23,BTC-EUR,BTC/EUR,6732.98,7066.82,7200.0,7200.0,2299.2696276599722,cryptocurrency_gdax_BTC-EUR,7066.82,133.18,0.0184972222222
2018-03-24,BTC-EUR,BTC/EUR,6907.01,7200.0,6929.01,7267.91,1806.2681093099152,cryptocurrency_gdax_BTC-EUR,7200.0,-270.99,-0.0391094831729
2018-03-25,BTC-EUR,BTC/EUR,6836.21,6929.0,6873.12,7061.75,1361.1540415499244,cryptocurrency_gdax_BTC-EUR,6929.01,-55.89,-0.00813167818982
2018-03-26,BTC-EUR,BTC/EUR,6322.0,6871.12,6547.53,6916.54,3156.3594602403355,cryptocurrency_gdax_BTC-EUR,6873.12,-325.59,-0.0497271490165
2018-03-27,BTC-EUR,BTC/EUR,6255.0,6546.99,6305.03,6612.45,2439.7043105601692,cryptocurrency_gdax_BTC-EUR,6547.53,-242.5,-0.0384613554575
2018-03-28,BTC-EUR,BTC/EUR,6270.0,6305.03,6450.0,6550.0,1725.3111128698815,cryptocurrency_gdax_BTC-EUR,6305.03,144.97,0.0224759689922
2018-03-29,BTC-EUR,BTC/EUR,5610.65,6450.0,5749.11,6465.73,5264.738034461121,cryptocurrency_gdax_BTC-EUR,6450.0,-700.89,-0.121912783022
2018-03-30,BTC-EUR,BTC/EUR,5350.0,5749.1,5551.61,5928.09,4801.91267726088,cryptocurrency_gdax_BTC-EUR,5749.11,-197.5,-0.0355752655536
2018-03-31,BTC-EUR,BTC/EUR,5364.03,5551.61,5637.34,5870.0,2391.421185639955,cryptocurrency_gdax_BTC-EUR,5551.61,85.73,0.0152075269542
2018-04-01,BTC-EUR,BTC/EUR,5240.0,5637.28,5519.99,5718.73,3434.6456732002575,cryptocurrency_gdax_BTC-EUR,5637.34,-117.35,-0.0212590964839
2018-04-02,BTC-EUR,BTC/EUR,5496.0,5520.0,5741.99,5798.49,1724.1154383099,cryptocurrency_gdax_BTC-EUR,5519.99,222.0,0.0386625542713
2018-04-03,BTC-EUR,BTC/EUR,5703.74,5741.99,6060.02,6184.94,3322.3216051602685,cryptocurrency_gdax_BTC-EUR,5741.99,318.03,0.0524800248184
2018-04-04,BTC-EUR,BTC/EUR,5450.0,6060.0,5535.34,6064.4,3038.7073282302385,cryptocurrency_gdax_BTC-EUR,6060.02,-524.68,-0.0947873120712
2018-04-05,BTC-EUR,BTC/EUR,5371.27,5535.34,5526.89,5670.99,2299.9621941299974,cryptocurrency_gdax_BTC-EUR,5535.34,-8.45,-0.00152888876022
2018-04-06,BTC-EUR,BTC/EUR,5336.0,5527.84,5401.76,5592.96,1517.2413446599146,cryptocurrency_gdax_BTC-EUR,5526.89,-125.13,-0.023164672255
2018-04-07,BTC-EUR,BTC/EUR,5395.92,5401.77,5596.0,5749.0,1316.2586018799275,cryptocurrency_gdax_BTC-EUR,5401.76,194.24,0.0347105075054
2018-04-08,BTC-EUR,BTC/EUR,5595.99,5595.99,5737.47,5795.0,959.5036435999505,cryptocurrency_gdax_BTC-EUR,5596.0,141.47,0.0246572095366
2018-04-09,BTC-EUR,BTC/EUR,5400.42,5737.47,5516.55,5862.37,2197.7546552799627,cryptocurrency_gdax_BTC-EUR,5737.47,-220.92,-0.0400467683607
2018-04-10,BTC-EUR,BTC/EUR,5439.03,5516.55,5538.59,5579.28,1342.5556370699276,cryptocurrency_gdax_BTC-EUR,5516.55,22.04,0.00397935214558
2018-04-11,BTC-EUR,BTC/EUR,5522.19,5538.59,5625.53,5650.0,1006.9343213699641,cryptocurrency_gdax_BTC-EUR,5538.59,86.94,0.0154545438385
2018-04-12,BTC-EUR,BTC/EUR,5481.0,5625.53,6433.42,6568.02,5278.762649861363,cryptocurrency_gdax_BTC-EUR,5625.53,807.89,0.125577064765
2018-04-13,BTC-EUR,BTC/EUR,6300.0,6433.42,6370.0,6709.27,3545.5694200704447,cryptocurrency_gdax_BTC-EUR,6433.42,-63.42,-0.00995604395604
2018-04-14,BTC-EUR,BTC/EUR,6354.48,6385.02,6512.99,6603.0,1179.5863010499445,cryptocurrency_gdax_BTC-EUR,6370.0,142.99,0.0219545861425
2018-04-15,BTC-EUR,BTC/EUR,6512.99,6513.0,6780.06,6838.35,1821.9507161099204,cryptocurrency_gdax_BTC-EUR,6512.99,267.07,0.0393905068687
2018-04-16,BTC-EUR,BTC/EUR,6400.0,6780.05,6514.99,6818.59,2122.5633309999225,cryptocurrency_gdax_BTC-EUR,6780.06,-265.07,-0.0406861714293
2018-04-17,BTC-EUR,BTC/EUR,6340.7,6515.0,6397.24,6619.8,1692.39746522991,cryptocurrency_gdax_BTC-EUR,6514.99,-117.75,-0.0184063752493
2018-04-18,BTC-EUR,BTC/EUR,6383.52,6397.24,6607.49,6681.04,1629.079042369901,cryptocurrency_gdax_BTC-EUR,6397.24,210.25,0.0318199497843
2018-04-19,BTC-EUR,BTC/EUR,6550.0,6607.49,6717.01,6738.81,1721.5406732798895,cryptocurrency_gdax_BTC-EUR,6607.49,109.52,0.0163048737459
2018-04-20,BTC-EUR,BTC/EUR,6685.0,6717.02,7249.49,7299.0,2979.020405360242,cryptocurrency_gdax_BTC-EUR,6717.01,532.48,0.0734506841171
2018-04-21,BTC-EUR,BTC/EUR,7003.18,7249.5,7246.46,7397.45,1968.9785495398835,cryptocurrency_gdax_BTC-EUR,7249.49,-3.03,-0.000418135199808
2018-04-22,BTC-EUR,BTC/EUR,7121.0,7246.46,7175.0,7350.87,1445.0147169899285,cryptocurrency_gdax_BTC-EUR,7246.46,-71.46,-0.00995958188153
2018-04-23,BTC-EUR,BTC/EUR,7150.0,7174.99,7314.52,7347.0,1588.0787198099104,cryptocurrency_gdax_BTC-EUR,7175.0,139.52,0.0190743890235
2018-04-24,BTC-EUR,BTC/EUR,7314.52,7314.53,7930.35,7995.0,3537.8161123506466,cryptocurrency_gdax_BTC-EUR,7314.52,615.83,0.0776548323844
2018-04-25,BTC-EUR,BTC/EUR,7180.37,7926.38,7291.02,7972.78,5942.978383621194,cryptocurrency_gdax_BTC-EUR,7930.35,-639.33,-0.0876873194697
2018-04-26,BTC-EUR,BTC/EUR,7120.37,7291.0,7661.0,7694.0,2985.517194760246,cryptocurrency_gdax_BTC-EUR,7291.02,369.98,0.0482939564026
2018-04-27,BTC-EUR,BTC/EUR,7360.0,7660.01,7372.35,7777.0,2097.6382768199205,cryptocurrency_gdax_BTC-EUR,7661.0,-288.65,-0.039153051605
2018-04-28,BTC-EUR,BTC/EUR,7340.0,7372.34,7695.0,7745.25,1054.8873915299457,cryptocurrency_gdax_BTC-EUR,7372.35,322.65,0.0419298245614
2018-04-29,BTC-EUR,BTC/EUR,7589.33,7694.99,7752.88,7800.0,984.8117434299395,cryptocurrency_gdax_BTC-EUR,7695.0,57.88,0.00746561277874
2018-04-30,BTC-EUR,BTC/EUR,7554.57,7752.89,7654.02,7777.77,1379.2891680599018,cryptocurrency_gdax_BTC-EUR,7752.88,-98.86,-0.0129160885391
2018-05-01,BTC-EUR,BTC/EUR,7339.0,7654.02,7551.78,7659.0,1483.4881586199717,cryptocurrency_gdax_BTC-EUR,7654.02,-102.24,-0.013538529989
2018-05-02,BTC-EUR,BTC/EUR,7483.81,7540.98,7693.75,7717.0,1451.4701598098952,cryptocurrency_gdax_BTC-EUR,7551.78,141.97,0.01845264013
2018-05-03,BTC-EUR,BTC/EUR,7640.05,7693.74,8099.28,8149.99,2479.0332336401216,cryptocurrency_gdax_BTC-EUR,7693.75,405.53,0.050069882755
2018-05-04,BTC-EUR,BTC/EUR,7858.7,8099.28,8108.95,8166.0,1964.5514896198515,cryptocurrency_gdax_BTC-EUR,8099.28,9.67,0.0011925095111
2018-05-05,BTC-EUR,BTC/EUR,8077.57,8101.0,8209.3,8321.0,1347.4264205699017,cryptocurrency_gdax_BTC-EUR,8108.95,100.35,0.0122239411399
2018-05-06,BTC-EUR,BTC/EUR,7899.0,8210.0,8015.01,8275.0,1267.1311346899095,cryptocurrency_gdax_BTC-EUR,8209.3,-194.29,-0.0242407682586
2018-05-07,BTC-EUR,BTC/EUR,7700.0,8015.01,7856.95,8035.58,1813.8395370598741,cryptocurrency_gdax_BTC-EUR,8015.01,-158.06,-0.0201172210591
2018-05-08,BTC-EUR,BTC/EUR,7651.05,7856.95,7743.4,7942.0,1416.9702253899075,cryptocurrency_gdax_BTC-EUR,7856.95,-113.55,-0.0146641010409
2018-05-09,BTC-EUR,BTC/EUR,7580.0,7741.93,7847.53,7900.0,1358.138298379913,cryptocurrency_gdax_BTC-EUR,7743.4,104.13,0.0132691432846
2018-05-10,BTC-EUR,BTC/EUR,7560.64,7847.53,7587.65,7920.0,1211.800368249936,cryptocurrency_gdax_BTC-EUR,7847.53,-259.88,-0.0342503937319
2018-05-11,BTC-EUR,BTC/EUR,7014.5,7585.03,7055.02,7589.31,2802.4167756603583,cryptocurrency_gdax_BTC-EUR,7587.65,-532.63,-0.0754965967495
2018-05-12,BTC-EUR,BTC/EUR,6873.0,7055.02,7092.0,7298.14,1651.0051359398908,cryptocurrency_gdax_BTC-EUR,7055.02,36.98,0.00521432600113
2018-05-13,BTC-EUR,BTC/EUR,7016.38,7092.0,7299.3,7349.0,979.8777054299604,cryptocurrency_gdax_BTC-EUR,7092.0,207.3,0.0283999835601
2018-05-14,BTC-EUR,BTC/EUR,6887.0,7299.3,7256.9,7450.0,2853.241895360279,cryptocurrency_gdax_BTC-EUR,7299.3,-42.4,-0.00584271520897
2018-05-15,BTC-EUR,BTC/EUR,7128.0,7266.8,7180.47,7420.0,1593.8519434299062,cryptocurrency_gdax_BTC-EUR,7256.9,-76.43,-0.0106441500347
2018-05-16,BTC-EUR,BTC/EUR,6860.98,7180.46,7065.0,7200.0,1911.5374606598962,cryptocurrency_gdax_BTC-EUR,7180.47,-115.47,-0.0163439490446
2018-05-17,BTC-EUR,BTC/EUR,6800.01,7069.72,6859.31,7160.0,1102.6917947099532,cryptocurrency_gdax_BTC-EUR,7065.0,-205.69,-0.0299869811978
2018-05-18,BTC-EUR,BTC/EUR,6751.01,6857.19,7014.5,7042.37,1041.2632217399519,cryptocurrency_gdax_BTC-EUR,6859.31,155.19,0.0221241713593
2018-05-19,BTC-EUR,BTC/EUR,6940.0,7014.5,7013.84,7118.0,403.8159643499843,cryptocurrency_gdax_BTC-EUR,7014.5,-0.66,-9.40996658036e-05
2018-05-20,BTC-EUR,BTC/EUR,6960.01,7013.84,7239.5,7285.0,615.8511017199803,cryptocurrency_gdax_BTC-EUR,7013.84,225.66,0.0311706609572
2018-05-21,BTC-EUR,BTC/EUR,7076.51,7244.16,7125.99,7320.0,953.3664031099461,cryptocurrency_gdax_BTC-EUR,7239.5,-113.51,-0.0159290147755
2018-05-22,BTC-EUR,BTC/EUR,6787.0,7125.99,6801.31,7130.66,1224.1512956999316,cryptocurrency_gdax_BTC-EUR,7125.99,-324.68,-0.0477378622648
2018-05-23,BTC-EUR,BTC/EUR,6380.0,6800.01,6418.58,6833.01,2822.014028150325,cryptocurrency_gdax_BTC-EUR,6801.31,-382.73,-0.0596284536455
2018-05-24,BTC-EUR,BTC/EUR,6200.0,6418.58,6479.03,6600.0,2010.660221589854,cryptocurrency_gdax_BTC-EUR,6418.58,60.45,0.00933010033909
2018-05-25,BTC-EUR,BTC/EUR,6280.0,6480.0,6431.81,6545.23,1160.3492096799266,cryptocurrency_gdax_BTC-EUR,6479.03,-47.22,-0.00734163478088
2018-05-26,BTC-EUR,BTC/EUR,6287.6,6431.8,6313.47,6544.44,548.2120040699748,cryptocurrency_gdax_BTC-EUR,6431.81,-118.34,-0.0187440504192
2018-05-27,BTC-EUR,BTC/EUR,6225.77,6313.47,6297.02,6344.32,693.7023968099688,cryptocurrency_gdax_BTC-EUR,6313.47,-16.45,-0.00261234679261
2018-05-28,BTC-EUR,BTC/EUR,6101.0,6295.4,6114.37,6368.71,1360.0457888399233,cryptocurrency_gdax_BTC-EUR,6297.02,-182.65,-0.029872251761
2018-05-29,BTC-EUR,BTC/EUR,6080.0,6125.45,6477.56,6545.88,1667.3220179498894,cryptocurrency_gdax_BTC-EUR,6114.37,363.19,0.0560689518893
2018-05-30,BTC-EUR,BTC/EUR,6261.0,6476.99,6346.19,6549.89,1143.6868189699492,cryptocurrency_gdax_BTC-EUR,6477.56,-131.37,-0.020700609342
2018-05-31,BTC-EUR,BTC/EUR,6301.8,6346.19,6414.16,6528.48,1037.9568480099526,cryptocurrency_gdax_BTC-EUR,6346.19,67.97,0.0105968669319
2018-06-01,BTC-EUR,BTC/EUR,6318.78,6413.42,6449.77,6528.39,917.6403021199545,cryptocurrency_gdax_BTC-EUR,6414.16,35.61,0.00552112710996
2018-06-02,BTC-EUR,BTC/EUR,6405.66,6447.17,6569.82,6600.0,656.7934703999642,cryptocurrency_gdax_BTC-EUR,6449.77,120.05,0.0182729511615
2018-06-03,BTC-EUR,BTC/EUR,6560.0,6569.82,6618.69,6668.12,685.6187398799661,cryptocurrency_gdax_BTC-EUR,6569.82,48.87,0.00738363633891
2018-06-04,BTC-EUR,BTC/EUR,6375.0,6619.0,6420.76,6652.99,1025.2890665499535,cryptocurrency_gdax_BTC-EUR,6618.69,-197.93,-0.0308265688174
2018-06-05,BTC-EUR,BTC/EUR,6330.0,6420.03,6509.63,6551.26,1185.6917733899431,cryptocurrency_gdax_BTC-EUR,6420.76,88.87,0.0136520816083
2018-06-06,BTC-EUR,BTC/EUR,6383.0,6511.98,6514.68,6562.55,965.9547240199582,cryptocurrency_gdax_BTC-EUR,6509.63,5.05,0.000775172379917
2018-06-07,BTC-EUR,BTC/EUR,6484.19,6514.69,6534.74,6586.57,790.4340328899683,cryptocurrency_gdax_BTC-EUR,6514.68,20.06,0.00306974722789
2018-06-08,BTC-EUR,BTC/EUR,6435.0,6532.36,6487.51,6534.0,731.486225639973,cryptocurrency_gdax_BTC-EUR,6534.74,-47.23,-0.00728014292078
2018-06-09,BTC-EUR,BTC/EUR,6401.39,6487.5,6401.4,6535.0,398.9889875799937,cryptocurrency_gdax_BTC-EUR,6487.51,-86.11,-0.0134517449308
2018-06-10,BTC-EUR,BTC/EUR,5712.0,6401.41,5759.01,6401.41,2410.2025349000473,cryptocurrency_gdax_BTC-EUR,6401.4,-642.39,-0.1115452135
2018-06-11,BTC-EUR,BTC/EUR,5620.55,5759.01,5871.01,5899.0,2109.7692133398573,cryptocurrency_gdax_BTC-EUR,5759.01,112.0,0.019076785766
2018-06-12,BTC-EUR,BTC/EUR,5501.74,5871.0,5577.53,5871.01,2404.052925489983,cryptocurrency_gdax_BTC-EUR,5871.01,-293.48,-0.0526182736803
2018-06-13,BTC-EUR,BTC/EUR,5211.0,5576.57,5348.74,5639.01,2509.384026390139,cryptocurrency_gdax_BTC-EUR,5577.53,-228.79,-0.0427745599898
2018-06-14,BTC-EUR,BTC/EUR,5335.02,5348.74,5753.3,5808.0,2514.5285276401255,cryptocurrency_gdax_BTC-EUR,5348.74,404.56,0.070317904507
2018-06-15,BTC-EUR,BTC/EUR,5503.03,5754.61,5519.9,5768.64,1151.0354652199478,cryptocurrency_gdax_BTC-EUR,5753.3,-233.4,-0.0422833746988
2018-06-16,BTC-EUR,BTC/EUR,5465.18,5519.89,5605.66,5656.99,579.0978898699866,cryptocurrency_gdax_BTC-EUR,5519.9,85.76,0.0152988229753
2018-06-17,BTC-EUR,BTC/EUR,5552.31,5600.37,5560.88,5660.8,577.4348229699814,cryptocurrency_gdax_BTC-EUR,5605.66,-44.78,-0.00805268230927
2018-06-18,BTC-EUR,BTC/EUR,5511.01,5562.02,5775.57,5864.08,1466.9759433999081,cryptocurrency_gdax_BTC-EUR,5560.88,214.69,0.0371720886423
2018-06-19,BTC-EUR,BTC/EUR,5740.43,5775.02,5829.31,5944.48,1111.7350007899588,cryptocurrency_gdax_BTC-EUR,5775.57,53.74,0.00921892985619
2018-06-20,BTC-EUR,BTC/EUR,5675.79,5829.99,5834.99,5882.99,732.1585327499835,cryptocurrency_gdax_BTC-EUR,5829.31,5.68,0.000973437829371
